sample	sex	site_type	material	material2	lat	lon	alt	age	endog	Nx	Na	Lx	La	GC	readlen	C2T	G2A
A1003	M	Sediment	NA	NA	71.16	153.45	-9.9	47323	0.203818273493	583	19313	148823899	2512082506	0.424723	62.0651	0.19315	0.211338
A1005	F	Sediment	FlatBone	Postcrania	65.04	212.89	260	26345	0.0203070794421	918	19017	148823899	2512082506	0.466627	55.2887	0.151907	0.151807
A1006	M	Sediment	Foot	Postcrania	62.3422222	222.7397222	705.3	NA	0.0293410557294	351	12302	148823899	2512082506	0.445074	55.3865	0.357437	0.332072
A1007	M	Sediment	Leg	Postcrania	64.06	218.11	494.9	14382	0.283763363936	592	19354	148823899	2512082506	0.429635	64.1036	0.135388	0.11479
A1009	M	Sediment	Leg	Postcrania	64.06	218.11	494.9	15497	0.345068110162	550	19130	148823899	2512082506	0.439214	59.0784	0.124719	0.111812
A1010	M	Sediment	Leg	Postcrania	64.06	218.11	494.9	15046	0.144195300241	579	19300	148823899	2512082506	0.434155	61.9387	0.0620645	0.114458
A1011	F	Sediment	Foot	Postcrania	64.016667	220.9	400	NA	0.0287099699196	514	10038	148823899	2512082506	0.439477	59.6165	0.321818	0.165017
A1012	F	Sediment	Foot	Postcrania	64.03	220.8	360.2	33191	0.0279325536809	698	13258	148823899	2512082506	0.442286	64.0459	0.267081	0.322025
A1013	M	Sediment	Foot	Postcrania	64.06	218.11	494.9	15440	0.402947286419	555	19300	148823899	2512082506	0.449554	58.7978	0.115564	0.116928
A1014	M	Sediment	Foot	Postcrania	63.75	220.88	449.9	34692	0.0948732402911	561	19474	148823899	2512082506	0.413401	56.0321	0.0272097	0.0698603
A1015	M	Sediment	Foot	Postcrania	63.6	221.5	599.1	25800	0.113280003273	575	19445	148823899	2512082506	0.419355	60.0721	0.17424	0.132636
A1016	F	Sediment	Leg	Postcrania	NA	NA	NA	NA	0.00952939550531	939	18977	148823899	2512082506	0.462586	61.993	0.207679	0.177739
A1019	M	Sediment	Foot	Postcrania	56.157222	84.940556	101.8	NA	NA	515	19264	148823899	2512082506	0.450159	57.0782	0.08208	0.0794787
A1022	M	Sediment	Foot	Postcrania	64.0052778	220.9141667	416	NA	0.169195463326	590	19391	148823899	2512082506	0.420862	57.4182	0.177356	0.321396
A1025	M	Sediment	Leg	Postcrania	72.5	127.5	4	NA	0.364146863987	580	19155	148823899	2512082506	0.426816	65.0266	0.140176	0.139232
A1026	M	Sediment	NA	NA	61.01371	99.196656	423.2	NA	0.429826794133	530	19601	148823899	2512082506	0.434531	58.1789	0.0463869	0.036029
A1027	U	Sediment	NA	NA	68.742677	161.350784	NA	NA	0.00176406210161	283	7261	148823899	2512082506	0.4293	51.0669	0.117914	0.124507
A1030	M	Sediment	NA	NA	66.654	216.278	160.4	2202	0.0901415066845	573	19312	148823899	2512082506	0.437293	62.408	0.0724283	0.0576497
A1032	F	Sediment	Foot	Postcrania	63.8838889	220.7261111	643.5	NA	0.146778193176	1158	18931	148823899	2512082506	0.415526	58.3355	0.112544	0.130963
A1033	M	Sediment	Astragalus	Postcrania	70.81	205.59	0.6	40335	0.0837157098203	597	19450	148823899	2512082506	0.435685	53.8385	0.173225	0.142112
A1037	F	Sediment	OtherCrania	Crania	64.9166666667	212.033333333	167.3	NA	0.119600689706	1057	18838	148823899	2512082506	0.437595	64.514	0.0631908	0.0572149
A1038	F	Sediment	NA	NA	71.16	153.45	-9.9	NA	0.218696103392	1132	18756	148823899	2512082506	0.406203	55.6736	0.0784533	0.0694685
A1039	M	Sediment	NA	NA	72.5	127.5	4	49845	0.357077758387	575	19250	148823899	2512082506	0.412828	69.4848	0.135142	0.183253
A1040	M	Sediment	NA	NA	71.10863	129.915322	-1.2	59723	0.40011529849	547	19015	148823899	2512082506	0.428191	61.2215	0.134319	0.140647
A1041	F	Cave	Leg	Postcrania	66.45	221.47	487.4	15769	0.440878651154	1031	18581	148823899	2512082506	0.443211	61.1213	0.151594	0.105851
A1042	M	Sediment	Foot	Postcrania	70.81	205.59	0.6	50107	0.069732885485	482	19258	148823899	2512082506	0.41509	62.8011	0.0899692	0.195916
A1043	M	Sediment	Foot	Postcrania	64.06	218.11	494.9	29005	0.583798410987	631	19211	148823899	2512082506	0.399666	63.7026	0.205543	0.13211
A1044	M	Sediment	Leg	Postcrania	66.277	216.817	169.7	49732	0.0192441935259	199	8459	148823899	2512082506	0.432338	46.9055	0.121655	0.111404
A1053	M	Sediment	Astragalus	Postcrania	70.81	205.59	0.6	42926	0.559769701427	572	19170	148823899	2512082506	0.426192	58.2522	0.0480609	0.0684993
A1059	M	Sediment	Leg	Postcrania	66.654	216.278	160.4	60723	0.020225738529	191	6611	148823899	2512082506	0.405297	55.3226	0.0929695	0.206801
A1061	M	Sediment	NA	NA	68.6166667	159.1333333	45.7	NA	0.0721402311354	585	19212	148823899	2512082506	0.439022	54.4065	0.232058	0.238684
A1288	M	Sediment	Foot	Postcrania	62.33	222.7194444	869.1	NA	0.291699612757	520	19468	148823899	2512082506	0.457161	50.1063	0.221459	0.192202
A1303	F	Sediment	Horn	Crania	66.654	216.278	160.4	13716	0.111750245453	956	18960	148823899	2512082506	0.42926	49.1378	0.0520213	0.0424635
A1438	M	Sediment	Leg	Postcrania	69.9	133.9	408.1	27357	0.227987635443	543	19424	148823899	2512082506	0.449785	59.066	0.190834	0.107169
A1441	M	Sediment	Foot	Postcrania	51.123	245.753	1178.7	8110	0.144083409516	549	19299	148823899	2512082506	0.413256	59.5062	0.205479	0.200894
A1454	F	Sediment	Leg	Postcrania	70.81	205.59	0.6	48130	0.0295742739917	681	12532	148823899	2512082506	0.431036	57.4477	0.113759	0.0746474
A1460	F	Sediment	Foot	Postcrania	64.017222	161.801389	904.2	60272	0.0574459507269	972	19070	148823899	2512082506	0.438856	53.2674	0.14899	0.117335
A1468	M	Sediment	NA	NA	68.6166667	159.1333333	45.7	36966	0.474789884283	556	19436	148823899	2512082506	0.425217	61.6833	0.219391	0.11521
A1469	M	Sediment	Leg	Postcrania	52.311	247.378	811	138	0.00892719064658	303	11128	148823899	2512082506	0.454236	53.5591	0.07765	0.0865385
A1508	M	Sediment	Foot	Postcrania	64	220.9	485.8	33007	0.0455188720048	547	19314	148823899	2512082506	0.471667	66.49	0.103712	0.108931
A1514	M	Sediment	Foot	Postcrania	69.25	227.717	NA	58293	0.0310918125176	388	13318	148823899	2512082506	0.446553	55.5674	0.214885	0.193934
A1517	F	Sediment	Leg	Postcrania	70.81	205.59	0.6	37567	0.315612498166	1044	18780	148823899	2512082506	0.422343	61.9492	0.105436	0.131448
A1530	M	Sediment	Foot	Postcrania	63.9426	221.3762	461.4	NA	0.0281710854346	418	14777	148823899	2512082506	0.425188	60.3829	0.292749	0.223781
A1538	F	Sediment	Tooth	Crania	51.4	245.514	1235.3	2908	0.0319116895257	1082	18993	148823899	2512082506	0.415426	65.8871	0.0614313	0.050037
A1548	M	Sediment	Foot	Postcrania	60.729	224.917	685.5	34506	0.542227145944	567	19351	148823899	2512082506	0.426305	61.4171	0.0831738	0.115709
A1555	M	Sediment	Leg	Postcrania	70.81	205.59	0.6	36324	0.542084805346	561	19409	148823899	2512082506	0.410177	61.5555	0.0480524	0.0645566
A15672	M	Sediment	NA	NA	69.4	155	4.2	29838	0.0664258434006	598	19286	148823899	2512082506	0.416439	68.9866	0.0813874	0.0939345
A15673	F	Sediment	NA	NA	70.5	156.8	14	19385	0.58295553149	1102	18806	148823899	2512082506	0.395717	62.6493	0.0360262	0.0173459
A15674	M	Sediment	NA	NA	67.492621	153.764794	16.1	NA	0.393784356295	590	19296	148823899	2512082506	0.409824	63.0745	0.132396	0.0511005
A15675	M	Sediment	NA	NA	67.492621	153.764794	16.1	36928	0.242431624857	529	19133	148823899	2512082506	0.395542	63.6607	0.119542	0.105072
A1569	M	Sediment	Foot	Postcrania	65.57	211.62	360	24953	0.381371716508	483	19426	148823899	2512082506	0.455417	57.6604	0.0357847	0.057072
A1573	M	Sediment	Foot	Postcrania	64.84	212.04	159.7	27607	0.0529348446195	538	19440	148823899	2512082506	0.453023	55.8725	0.139512	0.0626251
A16075	M	Sediment	NA	NA	63.9833333	220.9647222	539.3	NA	NA	539	19011	148823899	2512082506	0.445519	67.4836	0.113585	0.102091
A16119	F	Sediment	Petrosal	Crania	64.056383	220.570381	339	26716	0.593918720788	1031	19040	148823899	2512082506	0.434305	60.5101	0.111977	0.123069
A16121	M	Sediment	Petrosal	Crania	64.0563833	220.5703806	339	14799	0.613799992425	575	19533	148823899	2512082506	0.43355	58.6043	0.0309625	0.0397885
A16124	M	Sediment	Petrosal	Crania	64.0563833	220.5703806	339	32484	0.355825632585	553	19162	148823899	2512082506	0.42974	55.8786	0.142051	0.129526
A16128	M	Sediment	Petrosal	Crania	63.8838889	220.7261111	643.5	NA	NA	548	19390	148823899	2512082506	0.416309	59.9878	0.281912	0.287598
A16132	M	Sediment	Petrosal	Crania	64.0563833	220.5703806	339	49860	0.520243856633	542	19497	148823899	2512082506	0.43655	56.3496	0.115839	0.117395
A16134	M	Sediment	Petrosal	Crania	64.0563833	220.5703806	339	NA	0.58145482984	508	19552	148823899	2512082506	0.428787	55.8858	0.166076	0.172199
A16149	M	Sediment	Leg	Postcrania	63.8189	220.9317	531	NA	NA	578	19497	148823899	2512082506	0.422314	63.8327	0.112099	0.137839
A16150	M	Sediment	Leg	Postcrania	64.0563833	220.5703806	339	NA	0.522512319312	599	19143	148823899	2512082506	0.426827	62.9575	0.164644	0.152605
A16151	F	Sediment	Leg	Postcrania	63.8189	220.9317	531	NA	NA	1065	19008	148823899	2512082506	0.427758	62.9919	0.132281	0.15668
A16153	M	Sediment	NA	NA	63.8189	220.9317	531	NA	NA	548	19451	148823899	2512082506	0.433029	58.3893	0.132108	0.141075
A16165	F	Sediment	Petrosal	Crania	63.82	220.9641667	551.6	NA	0.529521988632	1047	18831	148823899	2512082506	0.429462	54.8113	0.138041	0.145065
A16171	M	Sediment	Petrosal	Crania	64.0563833	220.5703806	339	40999	0.560875898992	542	19563	148823899	2512082506	0.44216	59.9498	0.039801	0.039438
A17401	F	Sediment	Leg	Postcrania	46.03041	14.80185	313.2	NA	0.00782987381009	1009	18779	148823899	2512082506	0.418287	50.207	0.108945	0.115629
A17407	M	Sediment	Tooth	Crania	54.652312	24.933632	145	NA	0.0190270431602	268	10122	148823899	2512082506	0.42333	52.5789	0.0470193	0.0489578
A17410	M	Sediment	OtherCrania	Crania	46.334191	6.058036	623.1	4901	0.0264089042374	466	19130	148823899	2512082506	0.439999	57.5722	0.0414026	0.0959978
A17413	M	Sediment	OtherCrania	Crania	43.033433	23.216867	1080.7	3808	0.0196971854971	409	14250	148823899	2512082506	0.395634	59.2519	0.0565611	0.0844558
A17414	M	Sediment	OtherCrania	Crania	43.033433	23.216867	1080.7	3854	0.422812281121	505	19322	148823899	2512082506	0.444846	57.5723	0.047378	0.0604382
A17416	M	Sediment	Leg	Postcrania	47.130036	21.460144	89.4	NA	0.00144052125182	174	7670	148823899	2512082506	0.433025	51.0415	0.131512	0.124803
A17425	F	Sediment	OtherCrania	Crania	48.6562	16.4129	218.1	6708	0.00181382156378	512	9841	148823899	2512082506	0.448612	44.7161	0.114848	0.0753165
A17427	M	Sediment	OtherCrania	Crania	46.63861	14.4475	453.1	2045	0.0700540013191	547	19564	148823899	2512082506	0.417323	63.7158	0.0569979	0.046332
A17429	M	Sediment	OtherCrania	Crania	48.210033	16.363449	177.5	2233	0.211538147066	566	19374	148823899	2512082506	0.415168	62.5385	0.047507	0.0579176
A17431	M	Sediment	FlatBone	Postcrania	55.232642	10.144987	19.5	10890	0.0110028749798	522	19500	148823899	2512082506	0.422465	47.4646	0.102097	0.117258
A17432	M	Sediment	Vertebra	Postcrania	55.401959	9.981806	43	NA	0.0185964255882	211	7893	148823899	2512082506	0.4394	42.4325	0.116119	0.118056
A17434	M	Sediment	Horn	Crania	54.652312	24.933632	145	NA	0.0437206335413	551	19142	148823899	2512082506	0.437569	61.3177	0.025007	0.0190996
A17440	F	Sediment	Leg	Postcrania	52.682238	16.994798	94	2113	0.0578144828389	1012	18765	148823899	2512082506	0.424006	48.8869	0.0520062	0.103644
A17441	F	Sediment	Astragalus	Postcrania	53.151969	18.951692	88.8	825	0.0130828290909	426	8624	148823899	2512082506	0.443397	54.1763	0.0928242	0.0628328
A17443	F	Sediment	Leg	Postcrania	54.652312	24.933632	145	515	0.440551270837	1036	18698	148823899	2512082506	0.433474	49.8932	0.0435922	0.037233
A17444	F	Sediment	Foot	Postcrania	54.652312	24.933632	145	NA	0.601049842971	1115	19046	148823899	2512082506	0.419122	54.4611	0.0376418	0.026075
A17446	M	Sediment	Foot	Postcrania	54.652312	24.933632	145	NA	0.0254004036216	542	19359	148823899	2512082506	0.429936	53.9498	0.0518489	0.0638066
A17447	M	Sediment	Foot	Postcrania	54.652312	24.933632	145	NA	0.0617356693101	523	19280	148823899	2512082506	0.439817	48.0543	0.0210112	0.0282094
A17449	M	Sediment	OtherCrania	Crania	53.404036	22.135113	141.4	1443	0.0111282526645	550	16946	148823899	2512082506	0.494261	51.623	0.0281094	0.0243386
A17451	M	Sediment	OtherCrania	Crania	55.986978	22.248553	140.2	644	0.0128973937514	282	9645	148823899	2512082506	0.428768	52.8726	0.0258321	0.0277114
A17452	M	Sediment	OtherCrania	Crania	54.555393	23.362615	69	603	0.00799533684263	205	6924	148823899	2512082506	0.428946	53.3215	0.0236275	0.0233254
A17455	M	Sediment	Horn	Crania	54.28534	20.49296	124.2	3366	0.00219826404451	321	12139	148823899	2512082506	0.442403	49.2295	0.086087	0.0799709
A17456	M	Sediment	OtherCrania	Crania	54.087109	23.24532	132.1	529	0.0197132312494	405	14477	148823899	2512082506	0.426897	54.7063	0.0205447	0.0270711
A17459	M	Sediment	Horn	Crania	53.17812	22.059032	104	563	0.0532296602182	516	19328	148823899	2512082506	0.433472	54.0665	0.0180448	0.0246338
A17460	M	Sediment	Horn	Crania	53.17812	22.059032	104	591	0.113355156157	514	19298	148823899	2512082506	0.440007	52.5096	0.0305229	0.0450591
A17461	F	Sediment	OtherCrania	Crania	53.828053	22.364663	126.9	NA	0.0108755352647	395	7596	148823899	2512082506	0.436175	54.0182	0.0208016	0.0325157
A17462	M	Sediment	Leg	Postcrania	53.828053	22.364663	126.9	NA	0.177176668416	554	19489	148823899	2512082506	0.421974	53.5596	0.0534662	0.0739833
A17467	M	Sediment	OtherCrania	Crania	50.041187	21.99912	206.5	2040	0.00792422322606	164	6292	148823899	2512082506	0.454891	45.3215	0.0429752	0.0348684
A17470	M	Sediment	OtherCrania	Crania	65.629835	171.695216	59.5	26760	NA	179	5476	148823899	2512082506	0.442444	50.5097	0.0277551	0.0567139
A17477	M	Sediment	OtherCrania	Crania	58.467129	14.975351	131.5	10615	0.00218062610301	288	12184	148823899	2512082506	0.452677	52.0704	0.0573734	0.0568536
A17478	M	Sediment	Foot	Postcrania	56.664895	16.636477	22.9	10801	0.00605406253332	163	5260	148823899	2512082506	0.411485	47.0618	0.103825	0.12835
A17488	M	Sediment	Horn	Crania	65.629835	171.695216	59.5	NA	0.046646231742	532	19460	148823899	2512082506	0.44254	53.5424	0.100605	0.106552
A17492	M	Sediment	OtherCrania	Crania	48.3794	31.1656	198	48395	0.00854644901333	407	13627	148823899	2512082506	0.407628	43.4579	0.15467	0.156217
A17500	M	Sediment	Vertebra	Postcrania	54.2667	27.1167	192.2	4703	0.00360315532996	350	12097	148823899	2512082506	0.433007	48.9395	0.074344	0.12815
A17505	F	Sediment	Horn	Crania	50.395579	18.634638	212.7	NA	0.0648058868949	998	19001	148823899	2512082506	0.436566	55.4146	0.0571494	0.0690342
A17507	M	Sediment	OtherCrania	Crania	52.076397	20.163596	89.2	NA	0.071799305115	584	19364	148823899	2512082506	0.432422	51.0771	0.142263	0.135191
A17681	M	Sediment	Petrosal	Crania	NA	NA	NA	205	0.63031546425	557	19546	148823899	2512082506	0.427305	52.8133	0.0847557	0.0299033
A17682	M	Sediment	Petrosal	Crania	51.399567	245.506448	1234.7	NA	NA	589	19470	148823899	2512082506	0.439536	50.5336	0.0760697	0.0931343
A17683	M	Sediment	Petrosal	Crania	51.399567	245.506448	1234.7	NA	NA	493	19545	148823899	2512082506	0.457768	51.007	0.0776164	0.0633402
A17684	M	Sediment	Petrosal	Crania	51.399567	245.506448	1234.7	1184	0.548255336043	509	19496	148823899	2512082506	0.442431	51.6965	0.0812785	0.0701337
A17685	F	Sediment	Petrosal	Crania	51.399567	245.506448	1234.7	NA	0.259656246352	1006	19107	148823899	2512082506	0.438988	52.5971	0.0275679	0.0449201
A17686	M	Sediment	Petrosal	Crania	51.399567	245.506448	1234.7	2669	0.547626284181	465	19326	148823899	2512082506	0.449562	50.6043	0.0540619	0.0575456
A17688	M	Sediment	Petrosal	Crania	65.5125	211.422222222	172.3	32484	0.570641283854	519	19625	148823899	2512082506	0.419717	55.9097	0.168607	0.0996377
A17689	M	Sediment	Petrosal	Crania	65.5125	211.422222222	172.3	NA	NA	575	19468	148823899	2512082506	0.421939	56.4846	0.109604	0.0976843
A17690	F	Sediment	Petrosal	Crania	64.064494	218.100016	517.2	30276	0.628785173374	981	18986	148823899	2512082506	0.428408	56.3332	0.0980554	0.100622
A17691	M	Sediment	Petrosal	Crania	64.064494	218.100016	517.2	NA	NA	532	19206	148823899	2512082506	0.440572	51.6754	0.0873418	0.0617206
A17692	M	Sediment	Petrosal	Crania	66.257407	198.650906	2.6	26485	0.643135593556	532	19392	148823899	2512082506	0.427946	53.7788	0.125993	0.10653
A17693	M	Sediment	Petrosal	Crania	65.31839	217.200075	211.8	47591	0.647370482097	525	19557	148823899	2512082506	0.419759	53.6889	0.130696	0.0941428
A17694	M	Sediment	Petrosal	Crania	66.733333	216.25	161	4958	0.628565545364	566	19104	148823899	2512082506	0.430237	55	0.0560335	0.153287
A17993	M	Sediment	OtherCrania	Crania	40.069099	45.038189	2768.3	NA	0.173257550312	584	19517	148823899	2512082506	0.411297	67.1537	0.0577626	0.101255
A17994	M	Sediment	OtherCrania	Crania	40.069099	45.038189	2768.3	NA	0.00800912760029	466	15568	148823899	2512082506	0.404541	60.6547	0.0291262	0.0222091
A18161	M	Cave	NA	NA	NA	NA	NA	3519	0.219825034251	593	19514	148823899	2512082506	0.421465	64.7965	0.102354	0.0900608
A18162	M	Cave	NA	NA	NA	NA	NA	NA	NA	566	19271	148823899	2512082506	0.416774	66.1493	0.0376788	0.0488699
A18163	F	Cave	NA	NA	NA	NA	NA	7794	0.0310424953039	1152	18623	148823899	2512082506	0.398983	68.8011	0.120085	0.127353
A18164	F	Cave	NA	NA	NA	NA	NA	NA	NA	1201	18823	148823899	2512082506	0.38857	65.1492	0.0797665	0.136608
A18675	M	Sediment	OtherCrania	Crania	48.066667	14.75	301.5	NA	0.512904089176	528	19479	148823899	2512082506	0.415321	65.864	0.0437956	0.0251266
A18676	M	Sediment	Petrosal	Crania	48.066667	14.75	301.5	NA	0.685957407856	583	19328	148823899	2512082506	0.401726	60.8104	0.0666822	0.0376102
A18677	M	Sediment	Horn	Crania	48.116667	16.85	173.1	NA	0.0353581150431	432	15701	148823899	2512082506	0.401788	74.0329	0.0445451	0.0655577
A18685	M	Sediment	OtherCrania	Crania	50.0647	19.945	214	NA	0.00279950988162	272	10918	148823899	2512082506	0.4361	60.0517	0.0231511	0.0533104
A18686	F	Sediment	Petrosal	Crania	47.641775	15.161567	1225.9	NA	0.725294177576	1034	19129	148823899	2512082506	0.417327	71.2865	0.0502714	0.039604
A18687	F	Sediment	Petrosal	Crania	47.864159	15.038217	617.2	NA	0.655344974446	1026	19025	148823899	2512082506	0.416322	74.8027	0.173686	0.09805
A18688	M	Sediment	Petrosal	Crania	47.559539	14.016526	878.8	NA	0.61610834654	564	19309	148823899	2512082506	0.423524	70.2294	0.202101	0.24627
A18689	M	Sediment	Petrosal	Crania	47.557102	14.020907	903.3	NA	0.632961211687	632	19556	148823899	2512082506	0.415439	73.0232	0.156884	0.13826
A18691	M	Sediment	Petrosal	Crania	53.1833	21.6833	98.6	NA	0.659432935422	534	19220	148823899	2512082506	0.420747	71.1564	0.175941	0.132333
A2943	M	Sediment	Foot	Postcrania	70.81	205.59	0.6	20703	0.0740639277974	578	19270	148823899	2512082506	0.417231	60.0397	0.0650765	0.0524328
A2946	F	Sediment	Foot	Postcrania	70.81	205.59	0.6	40893	0.505765078082	1143	18791	148823899	2512082506	0.405344	62.8089	0.0824093	0.0917431
A2949	F	Sediment	Foot	Postcrania	70.81	205.59	0.6	35356	0.216531113262	1081	18872	148823899	2512082506	0.423177	60.4751	0.0317132	0.0780933
A2960	M	Sediment	Foot	Postcrania	70.81	205.59	0.6	34123	0.0163439614925	323	10509	148823899	2512082506	0.425364	56.9691	0.0398517	0.0332452
A2965	M	Sediment	Foot	Postcrania	70.81	205.59	0.6	33718	0.467214855153	585	19144	148823899	2512082506	0.413374	57.2048	0.118846	0.114419
A3020	M	Sediment	Leg	Postcrania	45.674444	265.186111	368.8	7642	0.312507423769	465	19527	148823899	2512082506	0.470578	61.1661	0.030445	0.0316197
A3025	M	Sediment	Leg	Postcrania	45.674444	265.186111	368.8	8113	0.114237100348	157	5500	148823899	2512082506	0.432929	61.6162	0.135057	0.149171
A3036	M	Sediment	Leg	Postcrania	45.674444	265.186111	368.8	7530	0.109030478507	178	6083	148823899	2512082506	0.410798	62.3891	0.202661	0.163976
A3133	M	Sediment	Astragalus	Postcrania	63.158	220.684	997.5	30809	0.462899302844	528	19323	148823899	2512082506	0.494711	74.0437	0.0154588	0.00846183
A3266	M	Sediment	Leg	Postcrania	63	221	1097.4	42888	0.0907745898569	527	19440	148823899	2512082506	0.419772	53.2838	0.176888	0.1513
A6396	M	Sediment	Leg	Postcrania	64.05	220.47	544.6	38980	0.107549113866	597	19539	148823899	2512082506	0.408797	61.591	0.189318	0.17425
A710	F	Sediment	Astragalus	Postcrania	70.777081	205.607555	1.1	43052	0.0187069342159	645	12036	148823899	2512082506	0.418798	54.107	0.078508	0.100671
A858	M	Sediment	Leg	Postcrania	70.81	205.59	0.6	23378	0.145832330525	573	19603	148823899	2512082506	0.454525	53.9009	0.0631769	0.0505811
A859	M	Sediment	Leg	Postcrania	55.683	238.37	585	13111	0.004592934008	208	7070	148823899	2512082506	0.50316	43.6755	0.194122	0.235781
A860	M	Sediment	Foot	Postcrania	70.81	205.59	0.6	33154	0.166914818145	536	19417	148823899	2512082506	0.445128	70.3474	0.0150163	0.0134212
A861	M	Sediment	Leg	Postcrania	64.06	218.11	494.9	21751	0.280482457694	526	19347	148823899	2512082506	0.423275	72.3857	0.070273	0.0862364
A862	F	Cave	Leg	Postcrania	44.897	251.849	1199.2	3378	0.18849492722	1040	18856	148823899	2512082506	0.422163	66.6431	0.14083	0.231868
A864	F	Cave	Foot	Postcrania	66.45	221.47	487.4	15607	0.302212389381	1033	18751	148823899	2512082506	0.469314	65.6726	0.0350844	0.022544
A875	M	Sediment	Foot	Postcrania	NA	NA	NA	NA	0.53372103805	557	19598	148823899	2512082506	0.433546	54.9551	0.016503	0.0217603
A885	F	Sediment	Leg	Postcrania	64.0533333	218.1233333	572.9	14625	0.0308744419826	1076	18912	148823899	2512082506	0.4468	66.8804	0.0164009	0.0182788
A886	M	Sediment	Leg	Postcrania	70.81	205.59	0.6	14209	0.191214681953	603	19304	148823899	2512082506	0.41108	68.5446	0.182405	0.164034
A887	M	Sediment	Leg	Postcrania	70.81	205.59	0.6	12463	0.473018474694	499	19396	148823899	2512082506	0.432153	58.6287	0.0603845	0.0510088
A888	M	Sediment	Leg	Postcrania	64.06	218.11	494.9	15807	0.404183334328	566	19356	148823899	2512082506	0.447008	59.0876	0.147138	0.138596
A889	F	Cave	Leg	Postcrania	56.2763889	239.0625	741.1	12146	0.207497114765	753	12889	148823899	2512082506	0.400561	55.102	0.147722	0.207595
A892	M	Sediment	NA	NA	70.594	231.78	2	7005	0.112032711676	597	19218	148823899	2512082506	0.425176	63.2551	0.10201	0.07834
A893	M	Cave	Leg	Postcrania	67.031	216.932	204.4	10127	0.315432458055	543	19277	148823899	2512082506	0.414291	65.2456	0.22595	0.239005
A899	M	Sediment	Foot	Postcrania	70.81	205.59	0.6	13640	0.0287020396682	562	19314	148823899	2512082506	0.459768	56.2669	0.0651042	0.0840718
A900	M	Sediment	Foot	Postcrania	64.0078	220.6581	460.6	NA	0.0355966098208	520	19057	148823899	2512082506	0.428295	56.5085	0.195676	0.270203
A903	F	Sediment	Foot	Postcrania	65.12	212.513	215.7	15747	0.200507456727	956	19037	148823899	2512082506	0.449495	50.1221	0.0700132	0.0852911
A914	M	Sediment	Astragalus	Postcrania	70.81	205.59	0.6	32043	0.21809627422	547	19393	148823899	2512082506	0.42932	62.2745	0.0585596	0.0458459
A915	F	Sediment	Astragalus	Postcrania	70.81	205.59	0.6	25388	0.149038482599	1054	18876	148823899	2512082506	0.4376	65.5562	0.0552475	0.0781472
A916	M	Sediment	Foot	Postcrania	65.057	212.469	281.8	25255	0.00402593104781	394	12604	148823899	2512082506	0.465452	47.0885	0.0558491	0.0310458
A917	M	Sediment	Foot	Postcrania	64.84	212.04	159.7	31743	0.450754894811	573	19339	148823899	2512082506	0.439793	66.0804	0.0808905	0.0296534
A924	M	Sediment	Leg	Postcrania	64	218.8333333	952.1	NA	0.00967454761061	257	9205	148823899	2512082506	0.442216	51.2074	0.335599	0.326752
A929	F	Sediment	Foot	Postcrania	64.0533333	218.1233333	572.9	NA	0.360063291664	1079	18904	148823899	2512082506	0.44432	57.2528	0.263936	0.281082
A943	M	Cave	Foot	Postcrania	44.9733333	251.8069444	1511.1	NA	NA	582	19212	148823899	2512082506	0.394747	62.1595	0.0860421	0.0729855
A945	F	Sediment	Foot	Postcrania	63.99	220.958	420	31083	0.245432743008	1174	18844	148823899	2512082506	0.422884	61.0472	0.331947	0.262587
A946	M	Sediment	Foot	Postcrania	63.92	220.7	489.7	35419	0.159661124313	572	19390	148823899	2512082506	0.439999	50.6257	0.107689	0.107959
A947	M	Sediment	Astragalus	Postcrania	69.13185	206.405426	151.1	NA	0.18612978927	492	19201	148823899	2512082506	0.483685	58.2569	0.226076	0.139255
A952	F	Sediment	Leg	Postcrania	68.6166667	159.1333333	45.7	35583	0.315845238552	1058	18972	148823899	2512082506	0.407281	58.6853	0.0938315	0.0901983
A954	M	Sediment	Foot	Postcrania	68.6166667	159.1333333	45.7	50075	0.447205406414	539	19221	148823899	2512082506	0.431033	58.3677	0.0830565	0.0711387
A955	F	Sediment	Leg	Postcrania	NA	NA	NA	NA	0.323414680467	986	18942	148823899	2512082506	0.460876	64.1264	0.056314	0.0369732
A956	M	Sediment	Foot	Postcrania	NA	NA	NA	42121	0.295578184684	621	19360	148823899	2512082506	0.424829	61.4667	0.093114	0.0962641
A976	M	Sediment	OtherCrania	Crania	67.57	220.92	339.8	14408	0.111000426925	529	19329	148823899	2512082506	0.444173	56.7342	0.241354	0.208419
A977	F	Cave	Leg	Postcrania	64.05	220.577	320	15495	0.452674452259	1052	18867	148823899	2512082506	0.443632	66.1718	0.102374	0.113812
A978	M	Sediment	Foot	Postcrania	64.06	218.11	494.9	30497	0.49176165047	578	19300	148823899	2512082506	0.420582	57.2503	0.0697562	0.126509
A980	M	Sediment	Leg	Postcrania	64.06	218.11	494.9	14451	0.424463256122	531	19375	148823899	2512082506	0.446348	64.4497	0.196759	0.129419
A982	F	Cave	Leg	Postcrania	44.897	251.849	1199.2	3448	0.559450994716	1124	18865	148823899	2512082506	0.413293	67.7331	0.0260698	0.0782225
A983	M	Sediment	OtherCrania	Crania	61.547	224.174	683.4	2549	0.0128284758155	132	4973	148823899	2512082506	0.446275	58.3608	0.141684	0.0875332
A985	M	Sediment	Leg	Postcrania	68.6166667	159.1333333	45.7	17783	0.549235236051	542	19366	148823899	2512082506	0.44083	62.8009	0.12956	0.15116
A987	M	Sediment	NA	NA	68.275	161.25	3.6	NA	0.014722204177	562	19457	148823899	2512082506	0.419526	57.4561	0.36301	0.304013
A988	U	Sediment	NA	NA	68.6166667	159.1333333	45.7	NA	0.0287736602389	715	18970	148823899	2512082506	0.439762	64.955	0.177278	0.176504
A989	M	Sediment	Leg	Postcrania	65.063	193.82	107.7	23378	0.110420729376	553	19291	148823899	2512082506	0.450673	55.214	0.113712	0.117307
A992	F	Sediment	Leg	Postcrania	64.06	218.11	494.9	19549	0.34210432563	1101	19019	148823899	2512082506	0.42498	64.4391	0.0779183	0.0580564
A993	M	Sediment	Leg	Postcrania	55.969	236.218	681.9	12357	0.358665055003	566	19207	148823899	2512082506	0.43272	66.2679	0.227904	0.259911
A995	M	Sediment	NA	NA	71.16	153.45	-9.9	27861	0.307135632959	562	19440	148823899	2512082506	0.443606	63.5301	0.107091	0.139667
A996	M	Sediment	NA	NA	68.6166667	159.1333333	45.7	NA	0.236622133916	582	19336	148823899	2512082506	0.448716	60.4228	0.113553	0.118855
A998	M	Sediment	Foot	Postcrania	64.06	218.11	494.9	14759	0.0260646242504	526	19419	148823899	2512082506	0.439708	57.3779	0.240193	0.185479
A999	M	Sediment	NA	NA	68.275	161.25	3.6	45562	0.197006740807	545	19206	148823899	2512082506	0.430057	53.9856	0.0951638	0.131529
