Order	Species	MCAll	MCp	MCpf	MCc	MCg	MCh	AlloAll	SM	BMf	LT	GT	IBI	BMn	BMw	BMin	LS	LpY	ML	NoC
Rodentia	Abeomelomys_sevia	0	0	0	0	0	0	0	0	58.3999999848855	NA	NA	NA	NA	NA	NA	1	NA	NA	3
Rodentia	Abrothrix_longipilis	0	0	0	0	0	0	0	0	36.9300000296788	NA	NA	16.9999999851929	3.29000000037897	NA	NA	3.69999999942923	21.1764705692668	NA	70
Rodentia	Abrothrix_olivaceus	0	0	0	0	0	0	0	0	21.0499999916784	NA	NA	NA	NA	NA	NA	5.33999999964888	2.00000000154742	NA	58
Carnivora	Acinonyx_jubatus	0	0	0	0	0	0	0	0	59999.9999469977	132.999987454084	91.4113241470251	547.499844292528	454.210000497842	NA	NA	3.0000000019365	0.657534433928634	19.0000000020637	1528
Rodentia	Acomys_cahirinus	1	0	0	0	1	1	0	0	32.0000015974484	27.0000022282286	38.0189396320561	34.0000064945877	5.49999999374079	12.3100000019468	6.81000000136758	2.75999999958553	7.59999999508625	4.99999999613144	665
Rodentia	Acomys_russatus	0	0	0	0	0	0	0	0	41.0000000264587	NA	NA	NA	NA	NA	NA	2.5000000018879	NA	NA	170
Rodentia	Acomys_wilsoni	0	0	0	0	0	0	0	0	20.0000000154742	NA	NA	NA	3.49000000032803	10	6.51000000647273	2.2899999982078	7.89999999471675	5.59999999992005	13
Diprotodontia	Acrobates_pygmaeus	0	0	0	0	0	0	0	0	12.7000000012879	97.5000000676792	NA	183.00000011359	0.01	3.44000000339386	3.4299999996622	2.79999999779363	2.00000000154742	8.79999999695717	74
Artiodactyla	Aepyceros_melampus	0	0	0	0	0	0	0	0	45150.0047147136	150.000014141667	196.788628970685	365.000113916701	5245.00000568133	14563.7999907492	9318.79999979904	1	0.986301062566411	17.3999999886777	1289
Rodentia	Aethomys_chrysophilus	0	0	0	0	0	0	0	1	142.999999846869	24.8799999989241	26.1700000217003	NA	4.42999999772459	30.9899999829255	26.5600000185929	3.08999999697731	NA	NA	82
Rodentia	Aethomys_hindei	0	0	0	0	0	0	0	0	134.999999846128	NA	24.6599999852531	NA	NA	NA	NA	2.04999999973682	NA	NA	9
Rodentia	Aethomys_ineptus	0	0	0	0	0	0	0	0	NA	NA	NA	NA	NA	NA	NA	NA	NA	NA	16
Carnivora	Ailuropoda_melanoleuca	0	0	0	0	0	0	0	0	96999.9999405342	178.980000104799	134.989999893746	638.749999790019	104.390000099628	21999.9899789481	21895.6000221226	1.62000000170607	0.563600783266142	30.000000019365	1399
Carnivora	Ailurus_fulgens	0	0	0	0	0	0	0	0	4900.00022533164	136.874989856626	131.21998990192	365.000113916701	106.500000055236	NA	NA	1.84999999828325	1	14.0000000103724	374
Artiodactyla	Alcelaphus_buselaphus	0	0	0	0	0	0	1	0	146499.991671311	190.104151016503	242.661009508242	345.499958862293	12499.9999997681	47894.4599952078	35394.4600124365	1	1.04196828670648	19.0000000020637	367
Artiodactyla	Alcelaphus_lichtensteinii	0	0	0	0	0	0	0	0	164999.999918731	NA	236.999999994486	364.999999616359	14999.9999980768	NA	NA	0.980000000693896	0.986301369157145	NA	10
Artiodactyla	Alces_alces	0	0	0	0	0	0	0	0	421500.020419416	106.458342462166	236.047823318058	365.000113916701	13249.9999916763	86299.9599165561	73049.9600902326	1.49999999980768	1.69999999851929	26.9999999901158	10095
Primates	Allenopithecus_nigroviridis	0	0	0	0	0	0	0	0	3201.66666314243	106.150000121717	NA	NA	240.710000067454	NA	NA	1.01000000050549	NA	32.399999984586	32
Primates	Alouatta_caraya	0	0	0	0	0	0	1	0	4602.50002992721	55.9999965176919	187.06821403658	337.625313144504	261.999999807105	NA	NA	1	1.06627076281695	20.3000000040566	545
Primates	Alouatta_palliata	0	0	0	0	0	0	1	0	5590.88888440974	495.600000337755	185.420000110838	684.370000660426	318.28999983923	1053.75000089096	735.459999297596	1.02000000055917	0.526031240185131	26.9999999901158	813
Primates	Alouatta_seniculus	0	0	0	0	0	0	1	0	5599.9996517692	368.80211247514	190.985325856624	424.312669982713	295.000000014833	NA	NA	1	0.848430946470605	25.000000018879	444
Rodentia	Ammospermophilus_leucurus	0	0	0	0	0	0	0	0	100.400000044155	64.5100000157379	29.3799999692708	NA	2.90000000067472	34.9899999610935	32.0899999929432	8.00000000014841	1.24999999997681	5.80000000583697	99
Rodentia	Ammospermophilus_nelsoni	0	0	0	0	0	0	0	0	NA	29.8299999751313	26.0000000017471	NA	4.86999999759318	41.0000000264587	36.1300000359373	8.90000000727681	1	NA	19
Artiodactyla	Ammotragus_lervia	0	0	0	0	0	0	0	0	69999.9935504642	121.66666393892	156.314764264096	212.916834127791	4500.00000232781	NA	NA	1.35000000156977	1.6908010194104	21.7000000075684	235
Dasyuromorphia	Antechinus_agilis	0	0	0	0	0	0	0	0	NA	89.9900000381551	26.9999999901158	364.999999616359	NA	10	10	10	0.986301369157145	4.70000000069568	90
Dasyuromorphia	Antechinus_minimus	0	0	0	0	0	0	0	0	42.0000009286054	87.5000094648862	27.9254384123734	365.000113916701	0.039999999969794	NA	NA	7.19999999285017	1	NA	41
Dasyuromorphia	Antechinus_stuartii	0	0	0	0	0	0	0	0	23.2000008071278	91.2500056459924	30.7609681474071	365.000113916701	0.016000000012676	16.0000000126762	15.9840000043464	7.25000000716172	1	3.0000000019365	385
Artiodactyla	Antidorcas_marsupialis	0	0	0	0	0	0	0	0	27899.9997896972	121.000008270217	169.433780044733	365.000113916701	3909.99999643597	NA	NA	1.00500000056347	0.986301062566411	20.0000000154742	499
Artiodactyla	Antilocapra_americana	0	0	0	0	0	0	1	0	44999.9985726495	91.2500056459924	247.742205763329	365.000113916701	3455.00000230535	9661.99999665172	6206.99999449186	2.00000000154742	1	11.9999999986841	829
Artiodactyla	Antilope_cervicapra	0	0	0	0	0	0	0	0	34999.9964257903	59.5000046953196	167.109061431071	212.562671659172	3388.00000266277	NA	NA	1	2.00000000154742	17.9999999957183	264
Carnivora	Aonyx_cinerea	1	1	0	0	0	0	0	1	NA	79.5400000641087	63.3100000697584	182.500000087199	56.0100000427218	NA	NA	1.47000000085237	1.97260273984052	NA	56
Primates	Aotus_azarae	1	1	1	1	1	0	0	1	NA	229.690000130457	NA	364.999999616359	NA	NA	NA	1	0.986301369157145	NA	118
Primates	Aotus_lemurinus	1	0	0	1	1	1	1	1	920.999999582547	74.5699999844348	132.230000019459	364.999999616359	97.4699999854915	NA	NA	1.01000000050549	0.986301369157145	33.7999999783909	136
Primates	Aotus_nancymaae	1	1	1	1	1	0	0	1	859.999999517683	NA	NA	NA	NA	NA	NA	1.02000000055917	NA	NA	149
Primates	Aotus_trivirgatus	1	0	0	1	1	1	1	1	843.000049255387	91.0000016090016	134.276496113786	255.500056200877	96.4999999236095	255.98999979234	159.489999983312	1	1.40900164777211	25.2999999897577	1620
Rodentia	Apodemus_agrarius	0	0	0	0	0	0	0	0	21.500000004178	NA	19.8899999943011	19.4999999837228	1.79999999957183	NA	NA	5.64000000021633	3.49999999717711	3.99999999697935	1257
Rodentia	Apodemus_argenteus	0	0	0	0	0	0	0	1	29.0500000183045	NA	NA	NA	NA	NA	NA	NA	NA	4.99999999613144	256
Rodentia	Apodemus_flavicollis	0	0	0	0	0	0	0	0	26.9999999901158	NA	24.4999999794355	38.7500000140682	2.29999999990683	NA	NA	4.9400000008685	3.0000000019365	3.99999999697935	1519
Rodentia	Apodemus_semotus	0	0	0	0	0	0	0	0	27.4199999713678	NA	NA	NA	NA	NA	NA	3.56000000022235	NA	NA	40
Rodentia	Apodemus_speciosus	0	0	0	0	0	0	0	0	NA	NA	NA	NA	NA	NA	NA	4.46999999864204	NA	5.30000000487185	444
Rodentia	Apodemus_sylvaticus	0	0	0	0	0	0	0	0	22.7800000134761	19.3600000012315	23.6799999972256	41.2800000361996	1.49999999980768	NA	NA	5.16000000442923	3.75000000235107	4.39999999507425	5961
Rodentia	Apodemus_uralensis	0	0	0	0	0	0	0	0	NA	NA	NA	NA	NA	NA	NA	5.72000000272604	NA	NA	115
Primates	Arctocebus_aureus	0	0	0	0	0	0	0	0	NA	NA	NA	NA	NA	NA	NA	NA	NA	NA	2
Primates	Arctocebus_calabarensis	0	0	0	0	0	0	0	0	276.000011397796	114.999989314474	133.967668742593	137.739657898094	31.9999999764285	160.000000126762	128.000000103784	1	2.6136263563196	12.9999999908153	29
Carnivora	Arctocephalus_gazella	0	0	0	0	0	0	0	0	35433.3333493545	116.279999973657	294.690000158486	364.999999616359	5794.63000644015	13811.2899879149	8016.66000313093	1	0.986301369157145	NA	685
Chiroptera	Artibeus_jamaicensis	0	0	0	0	0	0	0	0	47.3854666614647	NA	138.699999976595	NA	10.5699999925178	NA	NA	1	2.00000000154742	19.200000013106	525
Chiroptera	Artibeus_watsoni	0	0	0	0	0	0	0	0	NA	NA	NA	NA	NA	NA	NA	1	NA	NA	44
Primates	Ateles_belzebuth	0	0	0	0	0	0	0	0	7981.0000035198	NA	138.199999987851	NA	NA	NA	NA	1.02000000055917	NA	27.9999999779363	194
Primates	Ateles_geoffroyi	0	0	0	0	0	0	0	0	7655.96606911257	816.349999837741	226.370000079373	1048.15000079798	425.850000410325	3478.06000205184	3052.21000068414	1.01000000050549	0.343462290625223	47.099999986021	724
Primates	Avahi_laniger	0	0	0	0	0	0	0	1	NA	149.150000103688	136.150000101578	364.999999616359	NA	NA	NA	1.01000000050549	1	NA	76
Artiodactyla	Axis_axis	0	0	0	0	0	0	1	0	49999.9995007975	121.66666393892	229.086765276777	425.833672507127	3220.49999635211	NA	NA	1.03000000069923	0.845400501264675	20.8000000017835	463
Rodentia	Baiomys_taylori	0	0	0	0	0	0	0	1	8.20000089905251	20.000000199681	22.4905460583578	23.0000086844209	1.14999999906365	NA	NA	2.60999999796702	10	3.0000000019365	99
Cetacea	Balaena_mysticetus	0	0	0	0	0	0	0	0	NA	351.99999961247	379.900000389509	1642.49999912327	NA	NA	NA	1	0.410000000264586	39.9999999697936	830
Cetacea	Balaenoptera_acutorostrata	0	0	0	0	0	0	0	0	14999999.9980768	182.500000087199	304.160000335212	469.930000041547	NA	NA	NA	1	1	49.9999999613144	1214
Cetacea	Balaenoptera_borealis	0	0	0	0	0	0	0	0	20000000.0154742	203.459999924232	334.580000134125	729.999999797528	649999.990057769	NA	NA	1.02000000055917	0.410000000264586	74.0000000458394	360
Cetacea	Balaenoptera_musculus	0	0	0	0	0	0	0	0	190000000.020637	211.709999925027	326.969999772602	821.25000081722	2738612.78944377	16999999.9851929	14261387.1921702	1	0.450000000232781	109.999999959924	680
Cetacea	Balaenoptera_physalus	0	0	0	0	0	0	0	0	NA	196.580000121418	338.359999775916	729.999999797528	1899999.99145655	NA	NA	1.01000000050549	0.369999999942923	115.99999993939	1195
Chiroptera	Balantiopteryx_plicata	0	0	0	0	0	0	0	0	6.6599999973884	58.589999998986	138.809999929824	NA	2.00000000154742	NA	NA	0.990000000917409	1	NA	29
Rodentia	Bandicota_bengalensis	0	0	0	0	0	0	0	0	123.999999953679	30.0299999862411	18.8900000033999	61.8999999971326	4.85000000444174	22.899999982078	18.0499999899555	7.28999999466253	5.90000000486156	NA	442
Rodentia	Bandicota_indica	0	0	0	0	0	0	0	0	185.999999906671	27.2999999974381	20.2599999988682	71.2500000524091	9.77000000632656	41.0000000264587	31.2299999834465	6.11999999794878	5.05263157793823	NA	209
Rodentia	Bandicota_savilei	0	0	0	0	0	0	0	0	NA	NA	NA	NA	NA	NA	NA	NA	NA	NA	34
Carnivora	Bassariscus_astutus	0	0	0	0	0	0	0	0	870.000000764002	42.4999970592807	51.9995996533516	365.000113916701	27.7499999706909	258.700000168849	230.950000221984	2.7500000010748	1	16.0000000126762	88
Rodentia	Beamys_hindei	0	0	0	0	0	0	0	0	84.5999999923984	38.4899999916167	22.7899999905346	61.9999999288692	3.19999999764285	59.2000000377697	55.9999999992005	3.49000000032803	4.99999999613144	NA	12
Cetacea	Berardius_bairdii	0	0	0	0	0	0	0	0	7619999.99404149	NA	396.579999602355	NA	NA	NA	NA	0.980000000693896	0.330000000092788	71.0000000459266	74
Diprotodontia	Bettongia_gaimardi	0	0	0	0	0	0	0	0	1660.00004571439	155.000000653024	20.9893988362353	106.500096183601	0.318500000241009	516.430000020819	516.11149984503	1	3.38027863911296	11.7999999916824	99
Diprotodontia	Bettongia_lesueur	0	0	0	0	0	0	0	0	1300.00014276285	164.999983201964	21.1348903983665	119.500026061912	0.316999999841059	303.309999966036	302.992999874032	1	3.0000000019365	NA	67
Diprotodontia	Bettongia_penicillata	0	0	0	0	0	0	0	0	1249.9999625598	150.000014141667	17.9887091512879	101.999959659372	0.290000000067472	256.899999842448	256.610000195311	1	3.0000000019365	18.7999999885857	130
Artiodactyla	Bison_bison	0	0	0	0	0	0	1	0	449999.985726496	266.145850840987	283.139199579938	399.000095835877	20000.0000154743	157499.999954443	137499.999947355	1	1	33.0000000092788	1548
Artiodactyla	Bos_frontalis	0	0	0	0	0	0	0	0	644999.978264179	205.312504141345	273.526872630671	403.020372418086	23100.0000057368	NA	NA	1	1	26.1999999807105	318
Artiodactyla	Bos_grunniens	0	0	0	0	0	0	0	0	306196.343369068	243.329999932448	273.7500000957	NA	17988.7091512879	NA	NA	1	1	25.000000018879	2097
Artiodactyla	Bos_taurus	0	0	0	0	0	0	1	0	483058.802039774	NA	280.480000161639	NA	28379.1902844156	NA	NA	1	1	NA	744410
Pilosa	Bradypus_torquatus	0	0	0	0	0	0	0	0	5370.82999872798	28.2799999918694	149.999999980769	NA	NA	1468.31000140084	1468.31000140084	1	NA	11.9999999986841	47
Primates	Bunopithecus_hoolock	0	0	0	0	0	0	0	1	6245.00000416788	635.130000185059	232.499999879026	NA	NA	NA	NA	1.01000000050549	NA	NA	91
Primates	Callicebus_moloch	1	0	0	1	0	0	0	1	955.999999392229	58.8499999756828	163.999999981988	364.999999616359	74.4000000777966	NA	NA	1.01000000050549	0.986301369157145	26.1999999807105	207
Primates	Callicebus_ornatus	1	0	0	1	0	0	0	1	NA	NA	NA	NA	NA	NA	NA	NA	NA	NA	4
Primates	Callicebus_torquatus	1	0	0	1	0	0	1	1	1258.50000033504	121.65999996445	NA	NA	NA	NA	NA	1.01000000050549	NA	NA	75
Primates	Callimico_goeldii	1	1	0	1	1	0	1	0	468.500005152382	69.9999935504641	154.170045294956	184.749809816694	51.4499999883366	120.019999881145	68.5700000844111	1	1.94858116795947	17.9000000008287	272
Primates	Callithrix_argentata	1	0	0	1	0	0	1	1	346.500000041627	NA	NA	219.600000112227	35.8000000293563	NA	NA	1.8399999999596	1.63934426233572	16.8000000106046	73
Primates	Callithrix_aurita	1	1	0	1	0	0	0	1	NA	NA	140.000000103724	NA	NA	NA	NA	2.00000000154742	NA	NA	42
Primates	Callithrix_geoffroyi	1	0	0	1	0	0	0	1	274.500000135191	NA	NA	NA	NA	NA	NA	NA	NA	17.6000000075317	132
Primates	Callithrix_jacchus	1	0	0	1	0	0	1	1	287.000002158315	64.6666703578263	143.879857825585	158.999954484918	27.9999999779363	96.8199999320332	68.8199999548519	2.3750000002139	2.26415159274181	16.0000000126762	11816
Primates	Callithrix_kuhlii	1	1	0	1	0	0	0	1	244.499999741232	NA	NA	NA	NA	NA	NA	NA	NA	20.0000000154742	82
Primates	Callithrix_pygmaea	1	1	0	1	1	0	1	1	121.999991382992	152.083325368426	133.659551654644	182.50005513626	14.5499999892146	69.9999999977021	55.4500000657315	2.0099999980539	1.97260214482738	18.5999999906671	123
Carnivora	Callorhinus_ursinus	0	0	0	0	0	0	0	0	43375.0012185774	106.458342462166	358.096437102636	365.000113916701	5400.0000022012	11231.0599897939	5831.05999711954	1	0.499999999613144	NA	930
Rodentia	Calomys_callosus	0	0	0	0	0	0	0	0	41.0000000264587	18.3300000015947	21.8000000198474	21.0000000128662	2.40000000159372	12.0500000024725	9.64999999236095	4.90999999860976	3.0000000019365	NA	256
Rodentia	Calomys_musculinus	0	0	0	0	0	0	0	0	20.025000011238	NA	20.9699999775308	NA	NA	NA	NA	6.27000000244398	NA	NA	251
Didelphimorphia	Caluromys_philander	0	0	0	0	0	0	0	0	243.500019315043	119.999987276572	23.9883291901949	166.49990881593	0.200000000154742	22.9999999990683	22.7999999999762	4.18499999682697	2.00000000154742	6.29999999342021	127
Artiodactyla	Camelus_dromedarius	0	0	0	0	0	0	0	0	449999.985726496	404.999978351232	386.366977054069	535.332980520511	37149.9999917373	NA	NA	1	1	39.9999999697936	7138
Carnivora	Canis_aureus	1	1	1	0	0	0	1	1	8786.66666257353	60.0000068547534	61.2350391724774	365.000113916701	211.875000220924	NA	NA	4.50000000232781	0.986301062566411	16.0000000126762	393
Carnivora	Canis_latrans	1	1	1	0	0	0	1	1	9699.99923466087	45.5000003502264	61.5176872709868	365.000113916701	201.399999899091	NA	NA	5.99999999469977	0.986301062566411	21.8000000198474	6901
Carnivora	Canis_lupus	1	1	1	0	0	0	1	1	31100.0007857926	45.5000003502264	63.241185137622	365.000113916701	424.999999950765	NA	NA	4.70000000069568	2.00000000154742	20.0000000154742	8611
Carnivora	Canis_mesomelas	1	1	1	0	0	0	1	1	7199.99999285017	34.1000000005891	62.4999999504836	273.7500000957	177.200000183187	NA	NA	3.88999999708262	1.31506849339562	14.0000000103724	249
Carnivora	Canis_simensis	1	1	1	0	0	0	1	1	12800.0000103784	69.6000000624113	63.6100000620243	364.999999616359	NA	NA	NA	4	0.986301369157145	NA	103
Cetacea	Caperea_marginata	0	0	0	0	0	0	0	0	3199999.99764285	NA	NA	NA	NA	NA	NA	0.980000000693896	NA	NA	61
Artiodactyla	Capra_hircus	0	0	0	0	0	0	1	0	24999.9995007974	159.687491978826	152.405275379729	365.000113916701	1900.00000020637	NA	NA	1.71499999850419	0.986301062566411	20.8000000017835	124163
Artiodactyla	Capra_ibex	0	0	0	0	0	0	0	0	40000.0007987242	136.874989856626	167.109061431071	547.499844292528	2780.00000052441	15683.3899919175	12903.390004284	1.09999999959924	0.657534433928634	20.8999999946556	547
Artiodactyla	Capreolus_capreolus	0	0	0	0	0	0	0	0	24660.3933723434	110.260409223839	195.884467350599	365.000113916701	1090.00000014902	NA	NA	2.00000000154742	0.986301062566411	14.9999999980768	9124
Carnivora	Caracal_caracal	0	0	0	0	0	0	0	0	9680.00095155427	122.500003187198	69.5024317588797	365.000113916701	198.749999849662	NA	NA	2.10000000128661	0.986301062566411	20.3000000040566	224
Rodentia	Castor_canadensis	1	1	0	0	0	0	1	1	12999.9999908153	46.5000000117827	111.590000107459	NA	415.169999954504	NA	NA	3.60000000192903	1	25.000000018879	1023
Rodentia	Castor_fiber	1	1	0	0	1	0	0	1	20090.9281260873	60.1799999440094	106.420000100785	NA	550.269999632594	4199.98999649734	3649.71999632361	2.95000000014833	1	24.0000000159372	645
Rodentia	Cavia_porcellus	0	0	0	0	0	0	0	0	630.399999301081	16.6799999884118	66.9900000322228	NA	79.9100000613581	212.339999989655	132.429999984498	3.44999999941792	4.99999999613144	14.7999999865406	412418
Primates	Cebus_albifrons	0	0	0	0	0	0	1	0	2111.50006922907	273.749982446386	154.881661891248	547.499844292528	229.849999954311	917.689999460529	687.840000359634	1	0.657534433928634	40.4999999799812	400
Primates	Cebus_apella	0	0	0	0	0	0	1	0	2465.28571378208	263.119999712462	154.989999904506	657.000000665963	231.380000139852	1113.05000004861	881.670000825144	1.04999999983091	0.547945205217643	45.1000000126734	6202
Primates	Cebus_capucinus	0	0	0	0	0	0	1	0	2768.66666632116	514.069999844757	161.060000090337	790.830000290286	238.360000135702	1349.9899984864	1111.63000066285	1.01000000050549	0.455217935663492	54.7999999388815	778
Primates	Cebus_olivaceus	0	0	0	0	0	0	1	0	2616.24999791117	725.859999369972	NA	792.049999443745	NA	NA	NA	1.01000000050549	0.454516759821728	47.0000000069568	113
Artiodactyla	Cephalophus_dorsalis	0	0	0	0	0	0	0	0	11587.7735615513	NA	237.999999969031	NA	1611.37000066862	NA	NA	1	NA	17.5000000126408	47
Cetacea	Cephalorhynchus_commersonii	0	0	0	0	0	0	0	0	55999.9999992006	NA	NA	NA	5834.73999524693	NA	NA	0.980000000693896	NA	17.9999999957183	121
Cetacea	Cephalorhynchus_hectori	0	0	0	0	0	0	0	0	55999.9999992006	355.649999972264	NA	NA	NA	NA	NA	1	0.419999999615196	NA	111
Perissodactyla	Ceratotherium_simum	0	0	0	0	0	0	0	0	1500000.14141668	456.250023674738	532.108259266794	956.603575934493	48099.9999585966	274482.349806051	226382.350065243	1	0.376331438904798	49.9999999613144	590
Primates	Cercocebus_torquatus	0	0	0	0	0	0	0	0	6194.41075076782	NA	168.980000087317	434.350000151014	NA	NA	NA	1.01000000050549	0.828824680713109	46.0000000337274	303
Primates	Cercopithecus_ascanius	0	0	0	0	0	0	0	0	3621.2000025143	146.539999931508	148.500000118572	1580.45000069202	371.000000328851	NA	NA	1.01000000050549	0.227783226318627	28.3000000309987	234
Primates	Cercopithecus_campbelli	0	0	0	0	0	0	0	0	2574.99999776347	362.93000023986	180.79999994199	NA	NA	NA	NA	1.02000000055917	NA	30.000000019365	128
Primates	Cercopithecus_cephus	0	0	0	0	0	0	0	0	2857.99999700606	362.93000023986	169.510000048147	NA	337.189999744802	NA	NA	1.01000000050549	NA	36.0000000192903	111
Carnivora	Cerdocyon_thous	1	1	1	0	0	0	0	1	5999.99999469978	89.9999980438637	55.975760149511	243.333554425675	140.000000103724	NA	NA	3.0000000019365	1.47945071136033	12.7000000012879	287
Artiodactyla	Cervus_elaphus	0	0	0	0	0	0	1	0	229553.333588151	104.640000004773	235.609999850411	NA	8255.82000855015	43977.2000349299	35721.3799714885	1.09000000014902	NA	24.6999999852318	19911
Artiodactyla	Cervus_nippon	0	0	0	0	0	0	0	0	28641.7796990658	197.69999985721	223.66000022533	NA	4277.11000279295	NA	NA	1	NA	26.2999999703413	1721
Primates	Cheirogaleus_crossleyi	0	0	0	0	0	0	0	1	NA	NA	NA	NA	NA	NA	NA	NA	NA	NA	14
Primates	Cheirogaleus_major	0	0	0	0	0	0	0	1	380.250000240747	47.1399999795607	69.9999999977021	NA	18.079999994199	NA	NA	2.25999999923295	NA	14.9999999980768	63
Primates	Cheirogaleus_medius	1	0	0	0	0	1	0	1	165.99999998469	60.6499999717077	61.7899999694705	364.999999616359	14.6500000104529	NA	NA	2.03999999799944	0.986301369157145	19.2999999996545	197
Rodentia	Chinchilla_lanigera	0	0	0	0	0	0	0	0	799.834255007029	NA	112.46999996343	NA	39.5900000225889	NA	NA	1.87000000199576	NA	11.2999999874218	219
Rodentia	Chiropodomys_gliroides	0	0	0	0	0	0	0	0	22.0000000090065	16.8700000159603	20.130000005161	NA	2.78999999824235	NA	NA	1.64999999918731	NA	3.60000000192903	26
Primates	Chiropotes_satanas	0	0	0	0	0	0	0	0	2719.99999978581	NA	157.67000013701	NA	NA	NA	NA	1	NA	19.599999983912	130
Primates	Chlorocebus_aethiops	0	0	0	0	0	0	1	0	3162.27766016838	217.760000070569	NA	NA	NA	NA	NA	NA	NA	30.8000000354283	657
Pilosa	Choloepus_didactylus	0	0	0	0	0	0	0	0	8029.99916280819	152.083325368426	289.734358770133	608.333873916913	364.000000294141	NA	NA	1	0.591780296360864	36.8000000276645	97
Carnivora	Chrysocyon_brachyurus	1	1	0	0	1	0	0	1	22849.9999786456	118.999999892444	63.4799999878957	NA	372.290000097486	NA	NA	2.00000000154742	NA	14.9999999980768	308
Carnivora	Civettictis_civetta	0	0	0	0	0	0	0	0	11920.0012240122	101.499990125832	66.9884609416526	212.142166613883	323.99999984586	617.65000034744	293.649999878985	2.20000000090065	1.69697522156514	27.9999999779363	75
Primates	Colobus_guereza	0	0	0	0	0	0	1	0	8700.57143315922	387.790000295646	169.019999856229	486.660000241431	444.920000461421	1532.73999874085	1087.81999942892	1	0.739736160798726	24.4999999794355	395
Primates	Colobus_polykomos	0	0	0	0	0	0	1	0	7661.99915939124	182.500013114075	174.58221529205	459.000332351562	599.999999469977	1239.99999953679	640.000000023745	1	0.784313158006971	30.4999999756456	168
Artiodactyla	Connochaetes_taurinus	0	0	0	0	0	0	1	0	184899.995249005	256.666684128958	251.767692775886	365.000113916701	17749.9999840149	51051.3300115654	33301.3300110832	1	0.986301062566411	21.500000004178	550
Chiroptera	Corynorhinus_rafinesquii	0	0	0	0	0	0	0	0	9.45000001067816	21.0000000128662	55.2700000532249	NA	2.44999999794355	NA	NA	1	1	NA	108
Rodentia	Cricetus_cricetus	0	0	0	0	0	0	0	0	190.000000020637	24.8499999960318	19.4999999837228	131.399999932299	4.7099999986021	87.4700000955932	82.7600000012012	7.1400000036798	2.00000000154742	3.99999999697935	609
Soricomorpha	Crocidura_russula	1	0	0	0	0	1	0	0	7.93999995562655	23.5000020415047	29.2415237784334	28.5000091867575	0.80000000001484	5.89000000288738	5.08999999605314	3.65000000456802	12.6315748824452	3.19999999764285	529
Soricomorpha	Crocidura_shantungensis	0	0	0	0	0	0	0	0	NA	NA	NA	NA	NA	NA	NA	NA	NA	NA	20
Carnivora	Crocuta_crocuta	0	0	0	0	0	0	1	0	55299.9960138805	288.958317566043	109.900583943252	485.145491725175	1460.00000072467	14499.9900093006	13039.9899895553	1.9149999986567	0.742045440663056	41.1000000117283	1088
Rodentia	Cryptomys_hottentotus	0	0	0	0	0	0	1	1	60.2300051076773	27.9999979792925	85.5066712884683	133.000109951656	8.00000000014841	24.7700000236218	16.7700000152107	2.10000000128661	2.00000000154742	NA	240
Rodentia	Ctenomys_talarum	0	0	0	0	0	0	0	0	123.732000027205	34.8000000042805	102.669999994782	NA	8.00000000014841	NA	NA	4.34000000487159	1.49999999980768	3.0000000019365	204
Carnivora	Cuon_alpinus	1	1	1	0	0	0	1	1	13799.9999872504	58.0000008596693	61.5176872709868	365.000113916701	275.00000010748	NA	NA	3.49999999717711	0.986301062566411	16.0000000126762	219
Carnivora	Cynictis_penicillata	0	0	0	0	0	0	1	1	642.499999995071	41.7600000005572	56.8299999941468	364.999999616359	NA	NA	NA	2.1500000004178	0.986301369157145	15.2000000019329	90
Rodentia	Cynomys_gunnisoni	0	0	0	0	0	0	0	0	686.000000463208	36.6500000019286	29.6399999790279	NA	NA	NA	NA	4.48000000001915	1	NA	127
Rodentia	Cynomys_ludovicianus	0	0	0	0	0	0	1	0	767.214285881286	45.5700000438132	33.4600000287857	NA	15.2399999998743	123.589999932467	108.350000085864	4.42999999772459	1	10.9999999959924	819
Rodentia	Cynomys_parvidens	0	0	0	0	0	0	1	0	NA	NA	NA	NA	NA	NA	NA	4.88999999860808	1	NA	37
Chiroptera	Cynopterus_sphinx	0	0	0	0	0	0	0	0	54.6006250005151	32.4899999741915	119.999999986841	NA	10.9999999959924	25.000000018879	14.0000000103724	1.49999999980768	2.00000000154742	10	312
Carnivora	Cystophora_cristata	0	0	0	0	0	0	0	0	200909.281260873	9.49999999368159	334.580000134125	364.999999616359	21992.6999947877	43097.0900262037	21104.3900072577	1	0.986301369157145	NA	460
Artiodactyla	Dama_dama	0	0	0	0	0	0	0	0	38300.0022956815	149.041667202934	230.144181740851	365.000113916701	4700.00000069568	16720.3799876811	12020.3799937632	1	0.986301062566411	25.000000018879	2424
Artiodactyla	Damaliscus_pygargus	0	0	0	0	0	0	0	0	63900.006156372	152.083325368426	235.504928389601	365.000113916701	6875.00000787873	21189.5600144237	14314.5599918366	1.49999999980768	0.986301062566411	22.9999999990683	189
Rodentia	Dasymys_incomtus	0	0	0	0	0	0	0	0	99.000000091741	30.000000019365	NA	NA	NA	30.000000019365	30.000000019365	2.66999999775863	NA	NA	27
Rodentia	Dasyprocta_leporina	0	0	0	0	0	0	0	1	3828.24743316823	140.000000103724	106.390000026884	NA	NA	NA	NA	1.40000000103724	NA	17.7999999873397	104
Rodentia	Dasypus_novemcinctus	0	0	0	0	0	0	0	0	5701.64272280748	136.869999919379	133.99999988744	NA	96.4800000453024	NA	NA	3.9600000006792	NA	22.2999999975271	1006
Dasyuromorphia	Dasyurus_geoffroii	0	0	0	0	0	0	0	0	889.999986382576	155.000000653024	17.7418948089017	365.000113916701	0.012750000006753	29.8899999972965	29.8772499934245	5.50000000640501	1	3.0000000019365	55
Dasyuromorphia	Dasyurus_maculatus	0	0	0	0	0	0	0	0	2437.49999792013	134.989999893746	21.0000000128662	364.999999616359	NA	699.999999977021	699.999999977021	4.46999999864204	1	3.99999999697935	144
Dasyuromorphia	Dasyurus_viverrinus	0	0	0	0	0	0	0	0	880.000056431416	139.999988498695	20.7491351745491	365.000113916701	0.020000000015474	402.829999681306	402.810000337082	5.24999999509256	1	6.80000000459963	169
Primates	Daubentonia_madagascariensis	0	0	0	0	0	0	0	0	2572.00021170747	281.354198315118	166.341265037017	760.417319620002	124.499999876228	1535.00000066022	1410.50000165188	1	0.419999999615196	24.3000000224756	259
Cetacea	Delphinapterus_leucas	0	0	0	0	0	0	0	0	1360799.99810585	669.166667851466	395.366620068128	1003.75102089695	57000.0000429847	NA	NA	1	0.410000000264586	39.9999999697936	1501
Cetacea	Delphinus_delphis	0	0	0	0	0	0	0	0	80000.0000014843	405.05000045889	296.890000195007	NA	7069.65000752256	39999.9900226272	32930.3400189858	0.980000000693896	NA	20.0000000154742	980
Perissodactyla	Diceros_bicornis	0	0	0	0	0	0	0	0	886800.031767468	585.520897705896	463.446919736288	1049.37569230628	34999.9999717712	426865.479556509	391865.480423534	1	0.343061119894734	48.9999999967829	843
Rodentia	Dicrostonyx_groenlandicus	0	0	0	0	0	0	0	0	66.049996661635	16.99999916317	20.9893988362353	24.4999952407159	4.45000000019538	22.7999999999762	18.3500000174034	3.60000000192903	2.00000000154742	3.30000000092788	272
Didelphimorphia	Didelphis_virginiana	0	0	0	0	0	0	0	0	1849.99999828325	100	12.5602996369488	136.874958339999	0.140000000103724	124.999999997681	124.86000011636	8.1000000022633	2.00000000154742	6.60000000696225	1683
Rodentia	Dipodomys_merriami	0	0	0	0	0	0	0	0	36.5749970694701	20.7499999499227	28.3791902844156	54.0000298635231	3.30000000092788	16.9999999851929	13.6999999950661	2.54999999745199	1.75000000126408	9.6999999940534	508
Rodentia	Dipodomys_spectabilis	0	0	0	0	0	0	0	0	NA	23.4700000216927	23.4999999852962	41.9999999615196	7.74000000565149	NA	NA	2.66999999775863	2.00000000154742	12.7000000012879	278
Rodentia	Dolichotis_patagonum	0	0	0	0	0	0	1	0	8329.99997301706	67.9999980105112	97.4989637717388	99.6146010553107	581.850000461229	NA	NA	1.79000000008287	3.49999999717711	14.3999999968418	92
Chiroptera	Eidolon_helvum	0	0	0	0	0	0	0	0	214.304874767936	60.8299999351601	164.360000155229	NA	48.2799999527187	90.0600000773672	41.7800000342201	1.07999999878906	1	21.8000000198474	226
Carnivora	Eira_barbara	0	0	0	0	0	0	0	0	3950.00000339743	94.4599999476514	66.7399999510126	NA	82.9999999281268	1655.67000139371	1572.66999878903	2.13999999827935	NA	22.2999999975271	124
Macroscelidea	Elephantulus_brachyrhynchus	0	0	0	0	0	0	0	1	48.6666666594081	NA	NA	74.9999999323558	NA	NA	NA	1.5400000005799	4.79999999584886	NA	22
Macroscelidea	Elephantulus_intufi	0	0	0	0	0	0	0	1	57.0000058178684	34.9999964257903	51.0504999975406	67.000030437982	10	NA	NA	1.28999999911113	5.373131890233	8.79999999695717	18
Macroscelidea	Elephantulus_myurus	0	0	0	0	0	0	0	1	59.3000009060655	22.9999980925279	50.0034534976979	48.9999909706502	8.1000000022633	NA	NA	1.94500000151497	3.0000000019365	1.09999999959924	63
Proboscidea	Elephas_maximus	0	0	0	0	0	0	1	0	2859999.99915021	218.260000066801	634.490000432301	1186.24999881087	96999.9999405342	NA	NA	1.41000000111886	0.303477344341282	80.0000000014841	1429
Carnivora	Enhydra_lutris	0	0	0	0	0	0	1	0	22950.0000066964	136.874989856626	237.137370566166	547.499844292528	1894.37500125757	12414.8199946509	10520.4449939221	1	0.657534433928634	30.000000019365	1159
Chiroptera	Epomophorus_wahlbergi	0	0	0	0	0	0	0	0	83.1848199620962	668.799999336335	156.429999890709	NA	NA	NA	NA	0.990000000917409	2.00000000154742	10.1000000050549	79
Chiroptera	Epomops_buettikoferi	0	0	0	0	0	0	0	0	102.300000067802	55.6500000421927	139.919999848377	NA	23.2300000106852	47.2599999677511	24.0300000108504	0.980000000693896	2.00000000154742	NA	19
Chiroptera	Epomops_franqueti	0	0	0	0	0	0	0	0	91.7514999897847	NA	161.769999816227	NA	20.0000000154742	69.9999999977021	49.9999999613144	1	2.00000000154742	NA	42
Chiroptera	Eptesicus_fuscus	0	0	0	0	0	0	0	0	17.7300000162925	34.1799999697218	52.1400000201323	NA	3.20999999700747	13.1999999937434	9.98999999480177	1.84999999828325	1	19.0000000020637	2363
Perissodactyla	Equus_asinus	0	0	0	0	0	0	0	0	1909853.25856624	NA	366.999999786972	NA	29249.9900039449	32500.0000015809	3250.00999799795	1	NA	47.0000000069568	7750
Perissodactyla	Equus_burchellii	0	0	0	0	0	0	0	0	280550.017416236	334.583330585235	371.535229097173	385.000239789507	32449.9999898093	165361.14013079	132911.139989958	1	0.935064353179955	39.9999999697936	137
Perissodactyla	Equus_caballus	0	0	0	0	0	0	1	0	991999.999647831	341.759999990208	338.969999717138	547.500000615009	37899.9899669705	NA	NA	1	1	61.9999999288692	196741
Perissodactyla	Equus_grevyi	0	0	0	0	0	0	0	0	349999.964257903	273.749982446386	406.443329165213	582.014761907728	39999.9999697936	NA	NA	1	0.499999999613144	22.0000000090065	187
Perissodactyla	Equus_zebra	0	0	0	0	0	0	0	0	248100.020410265	304.166653773668	363.078054770102	653.958215392794	30000.0000193651	117097.780115393	87097.7798811195	1	0.349999999717711	24.0000000159372	297
Rodentia	Erethizon_dorsatum	0	0	0	0	0	0	0	0	6823.38694141671	16.2700000023655	210.989999935352	NA	490.589999472441	NA	NA	1	NA	17.9999999957183	279
Erinaceomorpha	Erinaceus_europaeus	0	0	0	0	0	0	0	0	NA	39.9999999697936	36.9800000150584	NA	15.539999983365	234.999999852961	219.460000068873	4.64000000475565	1.49999999980768	11.7000000068385	1258
Primates	Erythrocebus_patas	0	0	0	0	0	0	1	0	6317.00033608137	42.0000009286054	167.494287602644	361.958683543783	504.500000496109	2202.46000146056	1697.95999977486	1.01000000050549	0.994588654893694	23.9000000028541	1143
Cetacea	Eschrichtius_robustus	0	0	0	0	0	0	0	0	25000000.0188791	211.709999925027	379.900000389509	638.749999790019	499999.999613145	NA	NA	1	0.499999999613144	69.9999999977021	677
Cetacea	Eubalaena_australis	0	0	0	0	0	0	0	0	NA	296.329999985805	361.980000250007	1213.62000042768	NA	NA	NA	NA	0.296633213086502	69.9999999977021	276
Artiodactyla	Eudorcas_thomsonii	0	0	0	0	0	0	0	0	20900.0006683921	93.2499998967807	166.139999950567	193.899999964861	2500.0000018879	NA	NA	1	1.85662712871658	20.0000000154742	119
Primates	Eulemur_fulvus	0	0	0	0	0	0	0	0	2249.99990616836	135.000009793296	119.949930314938	547.499844292528	75.200000070709	NA	NA	1.03000000069923	0.657534433928634	36.9999999942923	534
Primates	Eulemur_macaco	0	0	0	0	0	0	0	0	2463.9999801857	152.083325368426	127.938130415753	365.000113916701	61.9999999288692	NA	NA	1.02000000055917	1	30.000000019365	213
Primates	Eulemur_mongoz	0	0	0	0	0	0	0	1	1713.16666794572	151.12999987873	128.999999911113	NA	59.4800000205551	NA	NA	1.11000000054528	1	30.000000019365	113
Primates	Eulemur_rubriventer	0	0	0	0	0	0	1	1	2463.9999801857	151.220000095336	126.989999943369	NA	84.9699999504876	NA	NA	1.01000000050549	NA	20.0000000154742	132
Carnivora	Eumetopias_jubatus	0	0	0	0	0	0	1	0	287550.018582903	349.791699880416	341.979442513709	365.000113916701	18250.0000087199	NA	NA	1	0.986301062566411	32.8000000217754	962
Carnivora	Felis_catus	0	0	0	0	0	0	0	0	NA	NA	62.9899999492546	NA	112.999999874218	NA	NA	NA	NA	33.9999999966919	12073
Carnivora	Felis_chaus	0	0	0	0	0	0	0	0	5849.99999889303	95.4899999250966	62.8799999954608	130.009999913232	135.499999934348	2212.49999811574	2077.00000222338	2.93999999720986	2.00000000154742	20.0000000154742	128
Carnivora	Felis_concolor	0	0	0	0	0	0	0	0	43140.0000231919	89.9999999089576	93.0000000955205	NA	339.500000299777	NA	NA	3.49999999717711	NA	20.0000000154742	1012
Carnivora	Felis_silvestris	0	0	0	0	0	0	0	0	4089.99999993087	73.1250035207136	65.4636174067275	148.250101712399	106.450000055311	587.59999984005	481.149999855826	3.75499999705867	2.00000000154742	17.9999999957183	1238
Carnivora	Fossa_fossana	0	0	0	0	0	0	0	0	1600.00006389794	73.0208358676424	84.7227414140597	365.000113916701	69.9999999977021	NA	NA	1	0.986301062566411	10.9999999959924	19
Rodentia	Funambulus_pennantii	0	0	0	0	0	0	0	0	85.5600047480218	59.5000046953196	41.4954042634363	152.08346544241	6.55000000012393	NA	NA	3.0000000019365	2.5000000018879	NA	25
Rodentia	Funambulus_tristriatus	0	0	0	0	0	0	0	0	127.000000012879	125.689999932433	NA	NA	5.8699999966532	NA	NA	2.64000000079127	NA	NA	31
Primates	Galago_alleni	0	0	0	0	0	0	0	0	263.250000086363	NA	133.00000001008	364.999999616359	23.9300000212999	NA	NA	1.28999999911113	1	11.9999999986841	38
Primates	Galago_demidoff	0	0	0	0	0	0	0	0	NA	43.4699999808985	111.000000054528	364.999999616359	9.89000000917326	NA	NA	1.28999999911113	1.49999999980768	14.0000000103724	5
Primates	Galago_moholi	0	0	0	0	0	0	0	0	NA	90.4599999146213	122.290000000792	182.500000087199	11.7299999968796	94.9999999368158	83.2700000655168	1.60000000126762	1.97260273984052	16.599999998469	96
Primates	Galago_senegalensis	0	0	0	0	0	0	1	0	196.99998813286	100.299992373958	124.451461177139	223.562521881378	11.7000000068385	122.470000044354	110.770000073497	1.71249999935149	2.00000000154742	17.0999999845593	529
Primates	Galagoides_zanzibaricus	0	0	0	0	0	0	0	0	134.324999925543	NA	122.999999875555	NA	14.5499999892146	NA	NA	1.31999999937434	2.00000000154742	NA	11
Primates	Galea_musteloides	0	0	0	0	0	0	1	0	NA	31.1300000227571	53.899999976824	53.099999990039	37.3899999867227	113.680000021094	76.2900000183796	2.60000000017471	6.99999999977021	3.49999999717711	116
Carnivora	Galerella_pulverulenta	0	0	0	0	0	0	0	0	692.30645188985	NA	NA	NA	20.1900000026202	NA	NA	2.24999999942305	NA	11.7000000068385	17
Carnivora	Galerella_sanguinea	0	0	0	0	0	0	0	0	439.999999507425	54.4400000587532	61.2699999531681	182.500000087199	NA	NA	NA	2.5000000018879	2.00000000154742	12.5999999965892	44
Carnivora	Galidia_elegans	0	0	0	0	0	0	0	1	809.999964789547	60.8333313620967	78.5235634610072	365.000113916701	48.7499999961211	509.570000248631	460.820000431866	1	1	13.1999999937434	27
Artiodactyla	Gazella_dorcas	0	0	0	0	0	0	0	0	13000.0014276285	45.6250023674738	172.186857498601	290.849954369937	1499.99999980769	4001.14000349291	2501.14000105519	1	1.23775161310499	17.0999999845593	178
Artiodactyla	Gazella_gazella	0	0	0	0	0	0	0	0	17999.9997884857	89.3750092999883	182.389570231964	228.125062087487	2124.99999810969	NA	NA	1.49999999980768	1.57808176312886	11.9999999986841	229
Carnivora	Genetta_genetta	0	0	0	0	0	0	0	0	1799.99997884857	61.9166712697796	72.6105957435155	182.50005513626	77.7500000539092	NA	NA	1.62499999882176	1.97260214482738	33.9999999966919	244
Carnivora	Genetta_tigrina	0	0	0	0	0	0	0	0	1846.00000131813	87.7699999279338	71.4800000273865	304.160000335212	85.500000053515	NA	NA	2.75999999958553	1.18358758481112	21.2999999784821	43
Rodentia	Geocapromys_ingrahami	0	0	0	0	0	0	0	0	660.000000696226	5.83999999848855	109.20999997365	325.000000015809	76.6799999636238	250.00000018879	173.319999855397	1.03999999928451	1.10769230823197	5.99999999469977	18
Rodentia	Geomys_bursarius	0	0	0	0	0	0	0	0	147.499999893294	34.9000000032803	18.4999999828325	NA	5.10999999841494	22.4999999942305	17.3899999998914	3.13999999947065	1	7.19999999285017	253
Rodentia	Georychus_capensis	0	0	0	0	0	0	0	0	188.599999825724	21.8300000146203	43.7400000300516	NA	8.11999999549075	265.000000038559	256.880000261174	5.94000000025722	2.00000000154742	NA	86
Rodentia	Gerbillurus_paeba	0	0	0	0	0	0	0	0	NA	22.8400000224138	26.0000000017471	NA	2.08999999946556	13.4900000101913	11.3999999911678	3.64000000294141	NA	NA	91
Rodentia	Gerbillus_perpallidus	0	0	0	0	0	0	0	0	NA	NA	20.2199999881285	NA	2.23999999827646	17.2299999822251	14.9900000052368	4.65000000117827	NA	5.49999999374079	18
Rodentia	Gerbillus_pyramidum	0	0	0	0	0	0	0	0	36.9999999942923	27.500000010748	22.1400000233126	NA	2.5000000018879	14.8299999990308	12.3300000114775	3.30000000092788	4.99999999613144	8.19999999275497	168
Artiodactyla	Giraffa_camelopardalis	0	0	0	0	0	0	1	0	832499.919148223	197.708344690802	452.897579903621	608.333873916913	55249.9999545644	NA	NA	1.05999999935376	1	36.2000000389123	1721
Rodentia	Glaucomys_sabrinus	0	0	0	0	0	0	0	0	NA	65.0000000534532	39.9999999697936	NA	5.64000000021633	39.7400000206987	34.1000000005891	3.0000000019365	1	12.9999999908153	346
Rodentia	Glaucomys_volans	0	0	0	0	0	0	0	0	79.0678627999825	57.2300000120722	39.4900000239558	116.749999935979	3.6100000007842	46.2000000472191	42.5899999927677	3.13000000326879	2.00000000154742	19.0000000020637	289
Cetacea	Globicephala_melas	0	0	0	0	0	0	0	0	800000.000014842	608.329999481001	479.059999832761	NA	179999.999957183	NA	NA	1	NA	59.9999999469977	397
Primates	Gorilla_gorilla	0	0	0	0	0	0	0	0	84999.9949672057	486.66666547349	257.039578276887	1438.09971429017	2100.00000128662	18967.6699925957	16867.6700052272	1	0.250330346787249	47.0000000069568	7075
Rodentia	Grammomys_macmillani	0	0	0	0	0	0	0	0	NA	NA	NA	NA	NA	NA	NA	NA	NA	NA	5
Carnivora	Gulo_gulo	0	0	0	0	0	0	0	0	9879.99898565201	87.4479232239347	168.267406107047	821.249276565301	86.0500000666576	NA	NA	3.0000000019365	0.499999999613144	17.9999999957183	611
Carnivora	Halichoerus_grypus	0	0	0	0	0	0	1	0	173999.980655587	18.3749979794339	349.945167028358	365.000113916701	14354.3750084488	42148.5400463477	27794.164975969	1	0.986301062566411	42.8999999817528	1680
Primates	Hapalemur_aureus	0	0	0	0	0	0	0	0	NA	NA	142.499999886954	364.999999616359	NA	NA	NA	1.01000000050549	0.986301369157145	NA	45
Primates	Hapalemur_griseus	0	0	0	0	0	0	0	0	841.000008137235	182.500013114075	142.560759360219	334.583099463338	45.2000000196308	NA	NA	1	1.07596588342427	23.2999999986041	231
Primates	Hapalemur_simus	0	0	0	0	0	0	0	0	NA	NA	148.999999858555	NA	NA	NA	NA	NA	NA	17.6000000075317	57
Carnivora	Helogale_parvula	1	1	0	1	1	1	1	1	249.874999927405	21.0000000128662	54.0800000082709	141.940000035014	NA	NA	NA	3.49000000032803	2.24999999942305	10	58
Afrosoricida	Hemicentetes_semispinosus	0	0	0	0	0	0	0	0	113.240036323556	21.500000004178	53.0700000452884	NA	7.38999999328161	NA	NA	5.31999999638573	1.49999999980768	NA	27
Artiodactyla	Hemitragus_jemlahicus	0	0	0	0	0	0	0	0	44977.9854893288	NA	195.759999845061	364.999999616359	2699.99999901158	NA	NA	1.01000000050549	0.986301369157145	21.8000000198474	125
Carnivora	Herpestes_javanicus	0	0	0	0	0	0	0	0	530.00003709829	42.0000009286054	48.1947797625127	152.08346544241	25.000000018879	275.00000010748	250.00000018879	2.3750000002139	2.00000000154742	16.599999998469	108
Rodentia	Heterocephalus_glaber	0	0	0	0	0	0	1	1	NA	27.2800000009773	70.4900000701379	81.0999999605689	1.85999999906671	10.9999999959924	9.14000000560169	11.2999999874218	4.50000000232781	31.0000000118297	805
Artiodactyla	Hippopotamus_amphibius	0	0	0	0	0	0	0	0	1353500.12432997	334.583330585235	235.504928389601	696.54150508118	40100.00003507	206389.440157271	166289.4400862	1	1	54.3000000514067	351
Artiodactyla	Hippotragus_equinus	0	0	0	0	0	0	0	0	259500.022595564	182.500013114075	277.971326775929	316.999808602215	16499.9999918731	NA	NA	1	1.13564737398516	16.9999999851929	201
Artiodactyla	Hippotragus_niger	0	0	0	0	0	0	0	0	218999.992516631	212.916687050103	271.019163189084	365.000113916701	16499.9999918731	NA	NA	1	0.986301062566411	19.7999999880765	247
Carnivora	Histriophoca_fasciata	0	0	0	0	0	0	0	0	NA	24.4999999794355	299.180000108632	364.999999616359	10245.2499923125	26154.2800087492	15909.0300074201	1	0.986301369157145	NA	80
Carnivora	Hyaena_brunnea	0	0	0	0	0	0	1	0	43899.9999755256	302.43999972828	95.7999999826741	532.289999672938	693.090000270616	27399.9899798915	26706.8999833694	2.29999999990683	0.676323057758181	12.9999999908153	147
Carnivora	Hyaena_hyaena	0	0	0	0	0	0	0	0	26599.9977563926	136.874989856626	89.9497581530035	237.249879216051	663.999999437332	NA	NA	2.5000000018879	1.51738749618106	24.0000000159372	209
Rodentia	Hydrochoerus_hydrochaeris	0	0	0	0	0	0	0	0	42200.0047650099	109.750000021693	150.729999948613	NA	1499.99999980769	NA	NA	3.49000000032803	1	11.9999999986841	571
Rodentia	Hydromys_chrysogaster	0	0	0	0	0	0	0	0	465.500015737636	29.725002512542	34.9140315478586	60.8333873916912	25.000000018879	149.999999980769	124.999999997681	3.99999999697935	2.5000000018879	7.29999999797527	87
Artiodactyla	Hydropotes_inermis	0	0	0	0	0	0	0	0	12217.9966016487	NA	175.490000011123	NA	1016.19000036843	NA	NA	3.0000000019365	NA	13.8999999918675	172
Carnivora	Hydrurga_leptonyx	0	0	0	0	0	0	0	0	366999.999786973	30.4099999899076	272.790000121261	364.999999616359	29999.9900031215	52308.5700548987	22308.5799910866	0.959999999912535	0.986301369157145	NA	246
Primates	Hylobates_lar	0	0	0	0	0	0	1	1	5352.7142799668	725.859999369972	212.910000025223	983.669998949928	398.860000075571	1025.01999917919	626.160000271306	1.01000000050549	0.365976394266648	31.5000000152606	792
Cetacea	Hyperoodon_ampullatus	0	0	0	0	0	0	0	0	2133600.00156315	364.999999616359	364.999999616359	NA	NA	NA	NA	1	0.699999999977021	36.9999999942923	137
Chiroptera	Hypsignathus_monstrosus	0	0	0	0	0	0	0	0	265.003999831745	NA	125.1400001033	NA	39.2999999660271	163.919999851614	124.620000023317	1.40000000103724	2.00000000154742	NA	63
Rodentia	Hystrix_cristata	0	0	0	0	0	0	0	1	13803.8426460288	NA	79.1900000062854	NA	NA	NA	NA	1.72999999948695	2.00000000154742	27.9999999779363	204
Carnivora	Ictonyx_striatus	0	0	0	0	0	0	0	0	647.999991240634	55.9999965176919	35.9749335155742	365.000113916701	13.7499999947354	NA	NA	2.5000000018879	1	14.0000000103724	32
Cetacea	Inia_geoffrensis	0	0	0	0	0	0	0	0	96499.9999236096	NA	314.249999740959	NA	6799.98999941423	NA	NA	1	NA	30.000000019365	257
Peramelemorphia	Isoodon_macrourus	0	0	0	0	0	0	0	0	1050.00000224862	60.0000068547534	12.2461619926505	60.4999478085366	0.172899999890947	149.999999980769	149.827100155117	3.01500000363658	2.66000000225967	6.80000000459963	293
Rodentia	Jaculus_jaculus	0	0	0	0	0	0	0	0	60.7000012473838	60.8333313620967	44.9779854893288	91.2500266570851	2.00000000154742	NA	NA	3.49999999717711	1.49999999980768	7.29999999797527	105
Cetacea	Kogia_breviceps	0	0	0	0	0	0	0	0	NA	NA	NA	NA	81999.9999275498	62599.9999696683	NA	0.96999999940534	NA	16.9999999851929	280
Cetacea	Lagenorhynchus_acutus	0	0	0	0	0	0	0	0	182000.000006255	547.500000615009	319.36999978326	NA	24000.0000159372	NA	NA	1.22000000091368	0.410000000264586	26.9999999901158	212
Cetacea	Lagenorhynchus_obscurus	0	0	0	0	0	0	0	0	NA	NA	NA	NA	NA	NA	NA	NA	NA	NA	200
Rodentia	Lagostomus_maximus	0	0	0	0	0	0	0	0	3342.85713980993	55.680000050962	155.730000143966	NA	195.99999983912	543.459999435992	347.459999746368	1.92999999996545	1.24999999997681	9.40000000866425	247
Rodentia	Lagurus_lagurus	0	0	0	0	0	0	0	1	20.900000668392	21.0000002546376	19.9986186963274	27.5000193870084	1.24999999997681	5.75000000410925	4.50000000232781	3.20500000107128	5.24999999509256	3.80000000335284	149
Artiodactyla	Lama_glama	0	0	0	0	0	0	0	0	NA	131.700000011589	342.739999688535	NA	8999.99000228718	29000.0000067473	20000.0100086961	1	1	28.9000000162005	5588
Artiodactyla	Lama_pacos	0	0	0	0	0	0	0	0	NA	210.000000128662	323.699999699944	NA	7583.99999423711	NA	NA	1	NA	NA	1647
Chiroptera	Lasionycteris_noctivagans	0	0	0	0	0	0	0	0	10.7999999878906	35.9900000287633	53.5499999793005	NA	1.9200000013106	10.1000000050549	8.18000000619068	1.76999999852543	1	11.9999999986841	450
Diprotodontia	Lasiorhinus_latifrons	0	0	0	0	0	0	0	0	25999.997128121	270.000022282286	20.7491351745491	365.000113916701	0.499999999613144	3999.99999697935	3999.49999885331	1	0.986301062566411	29.8999999776639	155
Chiroptera	Lasiurus_borealis	0	0	0	0	0	0	0	0	NA	38.0000000335284	84.2099999313395	NA	4.28999999817528	5.83999999848855	1.54999999939223	3.11999999986751	1	NA	471
Rodentia	Lemmus_lemmus	0	0	0	0	0	0	0	0	57.4000010047476	17.9999997884857	20.1836636368156	20.9999857483563	3.95000000339742	NA	NA	5.19500000127758	3.49999999717711	2.00000000154742	204
Primates	Lemur_catta	0	0	0	0	0	0	1	0	2290.00009312036	167.291663622369	133.659551654644	425.833672507127	69.9999999977021	NA	NA	1.33500000092036	1	37.3000000164311	1205
Primates	Leontopithecus_caissara	1	0	0	1	0	0	0	1	NA	NA	NA	NA	NA	NA	NA	NA	NA	NA	24
Primates	Leontopithecus_chrysopygus	1	0	0	1	0	0	0	1	NA	NA	NA	NA	NA	NA	NA	NA	NA	NA	63
Primates	Leontopithecus_rosalia	1	0	0	1	1	1	1	1	577.999948866344	76.999995536943	131.522483219224	182.50005513626	54.4499999884913	164.999999918731	110.550000021705	1.64999999918731	1.97260214482738	22.0000000090065	432
Carnivora	Leopardus_geoffroyi	0	0	0	0	0	0	0	0	2200.00009714871	NA	NA	NA	91.7000000696741	NA	NA	NA	NA	22.9999999990683	92
Carnivora	Leopardus_pardalis	0	0	0	0	0	0	0	0	10750.0008848721	42.0000009286054	79.9834255007029	547.499844292528	250.00000018879	NA	NA	1.75000000126408	1	20.3000000040566	500
Primates	Lepilemur_leucopus	0	0	0	0	0	0	0	0	NA	121.65999996445	135.920000043506	NA	NA	NA	NA	1.01000000050549	1	NA	34
Primates	Lepilemur_mustelinus	0	0	0	0	0	0	0	0	645.249999679219	76.2100000655139	133.449999962043	NA	26.9999999901158	NA	NA	1	1	NA	34
Primates	Lepilemur_ruficaudatus	0	0	0	0	0	0	0	1	764.500000443006	119.320000085164	135.920000043506	NA	NA	NA	NA	1.02000000055917	NA	NA	43
Primates	Lepilemur_septentrionalis	0	0	0	0	0	0	0	0	NA	120.970000098016	134.989999893746	NA	NA	NA	NA	1	1	NA	21
Carnivora	Leptonychotes_weddellii	0	0	0	0	0	0	1	0	389941.986676544	43.3500000187428	314.989999677722	364.999999616359	27395.8399915468	109999.990081835	82604.1500661135	1	0.986301369157145	20.0000000154742	647
Lagomorpha	Lepus_americanus	0	0	0	0	0	0	0	0	1956.15020734562	22.9799999813604	36.5699999715348	36.9999999942923	67.8399999611579	440.900000176319	373.060000092145	3.5399999997898	2.5000000018879	4.99999999613144	1285
Lagomorpha	Lepus_capensis	0	0	0	0	0	0	0	0	1956.15020734562	29.2083349302921	41.9758983991008	39.1000218419175	114.099999890125	914.990000731642	800.889999910413	2.40000000159372	3.0000000019365	NA	231
Lagomorpha	Lepus_europaeus	0	0	0	0	0	0	0	0	3749.73002245484	NA	41.990000035006	NA	122.999999875555	NA	NA	2.13999999827935	4.39999999507425	11.9999999986841	1425
Carnivora	Lontra_canadensis	0	0	0	0	0	0	0	0	7800.00000555902	123.833343775918	75.6832895020974	365.000113916701	135.999999884066	NA	NA	3.21499999807349	0.986301062566411	22.9999999990683	254
Rodentia	Lophuromys_flavopunctatus	0	0	0	0	0	0	0	0	NA	42.7199999979835	30.699999966268	NA	6.50000000534531	15.4900000085884	8.99000000552223	2.29999999990683	NA	NA	74
Primates	Loris_lydekkerianus	0	0	0	0	0	0	0	0	NA	NA	NA	NA	NA	NA	NA	NA	NA	NA	29
Primates	Loris_tardigradus	0	0	0	0	0	0	1	0	223.999990543623	152.083325368426	165.958690743756	182.50005513626	10.9999999959924	138.999999918675	128.000000103784	1	1.97260214482738	16.3999999981988	194
Proboscidea	Loxodonta_africana	0	0	0	0	0	0	1	0	2696000.07534195	1094.99995165062	654.636174067275	1825.0005513626	94999.9999368161	550616.560223761	455616.560299862	1	0.197260214482738	80.0000000014841	3988
Carnivora	Lutra_lutra	0	0	0	0	0	0	0	0	7050.00000013964	56.1250059432288	62.9506182857198	365.000113916701	284.999999994415	NA	NA	1.88999999924606	1	22.0000000090065	1312
Carnivora	Lycaon_pictus	1	1	1	0	0	0	1	1	22199.9999769646	91.2500056459924	70.3072319883834	355.874606545611	308.000000354283	NA	NA	7.35499999892377	1.01159226753304	10.9999999959924	659
Carnivora	Lynx_canadensis	0	0	0	0	0	0	0	0	8590.13521505396	111.359999931669	62.4999999504836	364.999999616359	203.999999799944	NA	NA	2.72999999974381	0.986301369157145	26.7999999982235	338
Carnivora	Lynx_lynx	0	0	0	0	0	0	0	0	17799.9999053676	76.041661925009	66.9884609416526	365.000113916701	289.000000162005	NA	NA	2.00000000154742	1	26.7999999982235	1050
Carnivora	Lynx_rufus	0	0	0	0	0	0	0	0	5199.99947754127	65.0000064891788	57.5439937337157	365.000113916701	300.000000193651	NA	NA	2.79999999779363	0.986301062566411	32.2999999753747	883
Primates	Macaca_arctoides	0	0	0	0	0	0	0	0	8523.00022681324	319.374987146308	177.010895831742	546.049482684784	492.000000263551	2299.99999990683	1807.9999994199	1	0.659280910628972	29.1999999698504	1334
Primates	Macaca_assamensis	0	0	0	0	0	0	0	0	5484.99959697774	NA	NA	NA	459.000000489063	NA	NA	NA	NA	31.3999999947065	204
Primates	Macaca_fascicularis	0	0	0	0	0	0	1	0	3599.99999363972	206.999978333638	164.816239152551	401.500416375983	334.999999971579	854.160000559642	519.160000286228	1	1	38.0000000335284	41445
Primates	Macaca_maura	0	0	0	0	0	0	0	0	5714.78636671868	497.159999604009	167.190000086286	669.15999924519	388.460000151815	NA	NA	1.01000000050549	0.537987924816263	33.0000000092788	79
Primates	Macaca_mulatta	0	0	0	0	0	0	1	0	6500.00064891788	311.770844962524	165.576996346953	405.999968610377	476.000000306349	1314.90999929798	838.90999938679	1.00500000056347	1	36.0000000192903	91329
Primates	Macaca_nemestrina	0	0	0	0	0	0	0	0	NA	292.600000141962	170.999999845593	405.070000025879	472.92000009449	1367.38999845051	894.469999660059	1.01000000050549	0.888735280741363	37.6000000062629	9964
Primates	Macaca_nigra	0	0	0	0	0	0	0	0	5484.99959697774	365.000029872329	173.380399775414	543.74966199854	459.000000489063	NA	NA	1	0.662069377422196	33.9999999966919	231
Primates	Macaca_radiata	0	0	0	0	0	0	1	0	3849.99973840855	304.166653773668	162.929603263972	365.000113916701	368.999999864854	2000.00000154742	1630.99999984875	1	0.986301062566411	30.000000019365	1561
Primates	Macaca_silenus	0	0	0	0	0	0	0	0	5550.00021568119	365.000029872329	176.197604641163	517.083881276133	418.499999682697	NA	NA	1	0.696211994279234	39.9999999697936	302
Primates	Macaca_sinica	0	0	0	0	0	0	0	0	3435.99999874042	NA	180.900000058393	547.500000615009	NA	NA	NA	1.01000000050549	0.657534246189066	34.9999999717711	116
Primates	Macaca_thibetana	0	0	0	0	0	0	0	0	11149.9999901366	451.790000062803	169.019999856229	729.999999797528	499.989999586095	2409.9699978589	1909.98000159327	1.01000000050549	0.493150685332537	26.9999999901158	212
Diprotodontia	Macropus_agilis	0	0	0	0	0	0	0	0	11000.000375919	322.000020985629	29.3764965196153	214.958191694826	0.634000000172651	2286.70000124105	2286.06600229457	1.00500000056347	1.79999999957183	10.2000000055917	110
Diprotodontia	Macropus_antilopinus	0	0	0	0	0	0	0	0	17499.9980381743	426.000000880144	33.9625272590409	270.00014662192	0.702999999967911	NA	NA	1	1.33333260998932	15.8999999882679	33
Diprotodontia	Macropus_eugenii	0	0	0	0	0	0	0	0	5500.0001330472	307.499985760201	27.6057785622035	365.000113916701	0.443999999882819	1048.80000076789	1048.35599973188	1.01000000050549	1	9.80000000693896	1823
Diprotodontia	Macropus_fuliginosus	0	0	0	0	0	0	0	0	21750.0019386115	540.000049955961	30.8318795024936	372.019752937332	0.869165000803212	7778.17000227388	7777.3008297463	1.00500000056347	1	20.0000000154742	321
Diprotodontia	Macropus_giganteus	0	0	0	0	0	0	0	0	28500.0026243887	538.499990534282	36.5594791613125	362.794755211458	0.849334999669425	8124.02999109491	8123.18065858342	1.01000000050549	1	24.0000000159372	659
Diprotodontia	Macropus_parma	0	0	0	0	0	0	0	0	3775.00038276183	293.999979412186	32.8851630875983	213.000194493808	0.508350000125176	754.000000226092	753.491650107649	1	1.29999999908153	8.00000000014841	98
Diprotodontia	Macropus_robustus	0	0	0	0	0	0	0	0	17299.9998753653	395.416693329465	33.9625272590409	258.54193805677	0.702999999967911	4743.41000190951	4742.70699810033	1	1.3924240024605	19.599999983912	288
Diprotodontia	Macropus_rufogriseus	0	0	0	0	0	0	0	0	13899.9999918675	427.499981234066	27.2897778280804	296.899864915962	0.537000000371496	3199.21000270366	3198.67299650349	1.01000000050549	1	15.2000000019329	365
Diprotodontia	Macropus_rufus	0	0	0	0	0	0	0	0	28250.0031121934	359.999999363973	32.2849412171263	238.499789462747	0.817000000879626	7416.19000443402	7415.37299452063	1	1.5094352955357	30.000000019365	587
Artiodactyla	Madoqua_kirkii	0	0	0	0	0	0	0	1	5315.00038110718	42.5833378351749	172.186857498601	190.250146558546	648.000000193085	1633.48999951554	985.490000569461	1	1.89224558669193	10	59
Primates	Mandrillus_leucophaeus	0	0	0	0	0	0	0	0	10000	486.66666547349	176.197604641163	577.91637476165	722.000000715461	NA	NA	1	0.499999999613144	33.4000000144919	28539
Primates	Mandrillus_sphinx	0	0	0	0	0	0	0	0	11799.9999916824	348.009999604331	173.989999954984	521.639999713578	612.88999943597	3000.00000193651	2387.10999936119	1.02000000055917	0.69013112566247	46.0000000337274	671
Pholidota	Manis_gigantea	0	0	0	0	0	0	0	0	NA	NA	NA	364.999999616359	499.989999586095	5999.99000609396	5499.99999374079	NA	1	NA	23
Pholidota	Manis_tetradactyla	0	0	0	0	0	0	0	0	NA	NA	NA	364.999999616359	NA	399.999999697936	399.999999697936	1.04999999983091	1	NA	10
Pholidota	Manis_tricuspis	0	0	0	0	0	0	0	0	1479.99999865406	177.820000037043	126.850000129174	273.7500000957	109.540000102715	670.819999545193	561.279999547756	1	1	NA	57
Rodentia	Marmota_flaviventris	0	0	0	0	0	0	1	0	2799.99979792925	24.9999995007974	30.1995172040202	456.250128730201	33.7999999783909	437.750000246462	403.949999565451	4.50000000232781	1	21.200000003478	409
Rodentia	Marmota_marmota	0	0	0	0	0	0	1	1	4224.99987075101	61.9166712697796	35.2370871042487	912.500266570851	29.7499999955769	NA	NA	3.49999999717711	1	17.9999999957183	292
Rodentia	Marmota_monax	0	0	0	0	0	0	0	0	3810.25000215855	43.8300000349232	31.5000000152606	NA	27.1900000258255	247.99000022905	220.799999970939	4.10000000264587	1	14.0000000103724	835
Carnivora	Martes_pennanti	0	0	0	0	0	0	0	0	2374.99992365295	69.9999935504641	342.767786546451	365.000113916701	30.000000019365	NA	NA	2.34999999852961	0.986301062566411	10	248
Rodentia	Mastomys_coucha	0	0	0	0	0	0	0	0	2.23999999827646	NA	NA	35.7399999860408	2.1200000003478	NA	NA	7.96000000480816	10.0727476310439	NA	225
Rodentia	Mastomys_natalensis	0	0	0	0	0	0	0	0	39.5000000339742	20.0000000154742	23.6399999886116	27.9999999779363	1.97999999880765	12.0900000038759	10.1100000095211	9.22999999944929	2.00000000154742	NA	1113
Rodentia	Maxomys_bartelsii	0	0	0	0	0	0	0	0	NA	NA	NA	NA	NA	NA	NA	NA	NA	NA	7
Rodentia	Maxomys_surifer	0	0	0	0	0	0	0	0	160.000000126762	NA	NA	NA	NA	NA	NA	3.5399999997898	NA	NA	65
Rodentia	Maxomys_whiteheadi	0	0	0	0	0	0	0	0	47.7799999544683	NA	NA	NA	NA	NA	NA	3.0000000019365	NA	NA	27
Cetacea	Megaptera_novaeangliae	0	0	0	0	0	0	0	0	30000000.019365	318.460000170108	349.789999632049	729.999999797528	1299999.99010145	NA	NA	1	0.369999999942923	94.9999999368158	1657
Carnivora	Meles_meles	0	0	0	0	0	0	0	0	8625.00000505806	91.3000000979025	48.5999999706479	364.999999616359	90.240000074955	NA	NA	3.10999999980782	0.986301369157145	16.2000000170607	1953
Rodentia	Melomys_leucogaster	0	0	0	0	0	0	0	0	95.9999999912536	20.0000000154742	NA	NA	NA	NA	NA	2.1500000004178	NA	NA	3
Rodentia	Melomys_platyops	0	0	0	0	0	0	0	0	69.0999999404618	20.0000000154742	NA	NA	NA	NA	NA	2.00000000154742	NA	NA	3
Rodentia	Melomys_rubex	0	0	0	0	0	0	0	0	45.9000000489062	NA	NA	NA	NA	NA	NA	2.00000000154742	NA	NA	7
Rodentia	Melomys_rufescens	0	0	0	0	0	0	0	0	54.9999999374079	20.0000000154742	NA	NA	NA	NA	NA	2.17000000075684	NA	NA	14
Carnivora	Mephitis_mephitis	0	0	0	0	0	0	0	0	2000.00000154742	55.4166667616687	63.241185137622	220.521023756644	33.2000000226252	NA	NA	4.64000000475565	2.00000000154742	12.8999999911113	679
Rodentia	Meriones_tamariscinus	0	0	0	0	0	0	0	0	NA	17.4400000162014	NA	26.9999999901158	2.96999999783069	15.1599999896663	12.1900000107115	4.0399999989711	2.00000000154742	NA	111
Rodentia	Meriones_unguiculatus	1	0	0	0	1	1	0	0	54.1400060542722	22.4999990616836	25.1188643150958	46.0000178281084	2.8599999991502	13.2399999968392	10.3800000116531	5.0699999961086	3.0000000019365	6.29999999342021	15839
Rodentia	Mesocricetus_auratus	0	0	0	0	0	0	0	0	75.9999999508625	18.6499999937859	15.4900000085884	NA	2.34999999852961	22.9300000142588	20.5799999797934	8.78999999850688	3.99999999697935	3.89999999976203	26157
Rodentia	Microcavia_australis	0	0	0	0	0	0	0	0	30.9000014639206	21.0000002546376	54.0754322945581	54.6000449195884	30.4000000273867	NA	NA	2.79999999779363	4.50000000232781	NA	62
Primates	Microcebus_murinus	0	0	0	0	0	0	1	0	67.5000042227243	41.0000040859164	60.2559586074358	328.499717185637	4.79999999584886	NA	NA	1.92999999996545	1.09589135502806	14.0000000103724	918
Rodentia	Microtus_agrestis	0	0	0	0	0	0	0	0	22.2400008751692	13.9999988498695	20.7014134879104	20.2599794260637	2.10000000128661	8.8399999997339	6.73999999169215	4.55000000359235	3.49999999717711	3.30000000092788	2097
Rodentia	Microtus_arvalis	0	0	0	0	0	0	0	0	23.2000008071278	16.99999916317	20.796966871037	25.1500006143126	1.94500000151497	9.17999999574619	7.23499999241913	4.76500000028148	5.99999999469977	3.0000000019365	2350
Rodentia	Microtus_californicus	1	0	0	0	1	0	0	0	26.3999983666301	17.3600000063768	21.1800000111453	NA	3.28000000217754	18.8900000033999	15.6099999977565	4.40999999524938	4.99999999613144	NA	223
Rodentia	Microtus_montanus	0	0	0	0	0	0	0	0	48.8800003112583	16.250001297813	20.8929613085404	22.2499992152741	3.89999999976203	9.33000000544597	5.43000000514066	5.3099999990039	4.76000000306348	NA	498
Rodentia	Microtus_ochrogaster	1	0	0	0	1	1	0	1	46.3000009575733	20.000000199681	21.9785987278483	25.9999791679655	3.0000000019365	15.1399999942809	12.1400000072892	3.86999999983148	4.06999999788935	5.30000000487185	2112
Rodentia	Microtus_oeconomus	1	0	0	1	0	1	0	0	37.2000000101162	20.000000199681	21.2324446200022	23.1500002476558	2.29999999990683	15.5999999872676	13.300000001008	5.70000000429847	3.49999999717711	1.79999999957183	997
Rodentia	Microtus_pennsylvanicus	0	0	0	0	0	0	0	0	36.7999984176971	13.0000014276284	20.9893988362353	21.3900106103493	2.5000000018879	13.1399999932299	10.6400000010038	5.15500000451605	2.69999999901158	NA	2106
Rodentia	Microtus_pinetorum	1	0	0	0	1	1	0	1	26.3999983666301	20.000000199681	21.9785987278483	26.050016337063	2.29999999990683	9.55000000915329	7.25000000716172	2.78999999824235	2.5000000018879	2.79999999779363	273
Primates	Miopithecus_talapoin	0	0	0	0	0	0	1	0	1217.50000031771	178.980000104799	164.379999957815	364.999999616359	179.039999924032	416.460000205209	237.420000191518	1.01000000050549	0.986301369157145	30.8999999697731	106
Carnivora	Mirounga_angurostris	0	0	0	0	0	0	0	0	NA	26.4000000079128	253.500000193	NA	35249.9999734248	138037.140146664	102787.139951722	1	1	NA	484
Carnivora	Mirounga_leonina	0	0	0	0	0	0	0	0	636333.333810987	22.9300000142588	243.329999932448	364.999999616359	39392.9699716568	114129.310097819	74736.3400523959	1	0.986301369157145	NA	856
Primates	Mirza_coquereli	0	0	0	0	0	0	0	0	301.000003053811	135.999999884066	88.5800000104552	364.999999616359	12.9200000101426	NA	NA	1.70999999845593	0.986301369157145	15.3000000064259	38
Didelphimorphia	Monodelphis_domestica	0	0	0	0	0	0	0	0	84.9999949672057	52.4999995882685	14.4877185354476	52.4999633225661	0.098499999887139	21.0000000128662	20.9014999781978	7.59999999508625	3.99999999697935	5.99999999469977	1929
Cetacea	Monodon_monoceros	0	0	0	0	0	0	0	0	907199.913208437	608.333313620967	440.554863506554	912.500266570851	80000.0000014843	NA	NA	1	0.410000000264586	39.9999999697936	410
Carnivora	Mungos_mungo	1	1	0	0	0	0	1	0	1229.99999875555	20.8799999841235	60.9100000699259	364.999999616359	24.2000000010904	NA	NA	2.67999999982235	2.5000000018879	11.9999999986841	143
Artiodactyla	Muntiacus_muntjak	0	0	0	0	0	0	0	0	14996.8483550238	NA	210.000000128662	241.000000235915	1371.38999898561	NA	NA	1	1.49377593294813	18.7999999885857	578
Rodentia	Mus_musculus	0	0	0	0	0	0	1	0	17.0999999845593	21.500000004178	19.599999983912	NA	1.05999999935376	10	8.94000000420106	5.54000000346424	4.50000000232781	5.99999999469977	34578
Carnivora	Mustela_erminea	0	0	0	0	0	0	0	0	416.500000246656	34.9999964257903	76.5596606911256	365.000113916701	2.34999999852961	25.2199999862335	22.8700000207087	6.99999999977021	0.986301062566411	12.4999999997681	1056
Carnivora	Mustela_eversmannii	0	0	0	0	0	0	0	0	1349.99999846128	42.0000009286054	39.5366620068128	365.000113916701	4.99999999613144	NA	NA	6.80000000459963	0.986301062566411	NA	46
Carnivora	Mustela_frenata	0	0	0	0	0	0	0	0	153.375000093566	35.50000383736	69.9841996002274	365.000113916701	3.10000000118296	28.6199999720744	25.5199999971133	6.99999999977021	0.986301062566411	8.79999999695717	184
Carnivora	Mustela_nivalis	0	0	0	0	0	0	0	0	57.0312499379402	41.750001939999	38.4591782045354	182.50005513626	2.00000000154742	45.6300000238859	43.6300000013241	5.72499999984279	1	9.09999999327196	702
Carnivora	Mustela_putorius	0	0	0	0	0	0	0	0	744.49999984881	54.3900000231475	41.490000016339	252.499999735648	9.49999999368159	NA	NA	8.47999999498743	1	14.0000000103724	1777
Rodentia	Myocastor_coypus	0	0	0	0	0	0	0	0	5409.00023113321	53.9000043206509	131.522483219224	131.50007484189	203.999999799944	1750.00000126408	1546.00000148691	5.34999999973849	2.58000000021844	10	706
Rodentia	Myoprocta_acouchy	0	0	0	0	0	0	0	0	919.999999267984	26.1899999743565	98.4299999760415	NA	75.230000031321	349.990000194024	274.760000187016	1.969999999267	NA	14.7999999865406	17
Rodentia	Myopus_schisticolor	0	0	0	0	0	0	0	0	23.4999999852962	19.8599999927125	23.7400000208501	25.000000018879	3.19999999764285	13.0399999881128	9.83999999022691	5.24999999509256	2.00000000154742	1	169
Chiroptera	Myotis_daubentonii	0	0	0	0	0	0	0	0	7.03165933217112	35.3299999646252	55.140000029233	NA	2.00000000154742	5.4899999943103	3.49000000032803	1.20999999911833	1	14.9999999980768	475
Chiroptera	Myotis_lucifugus	0	0	0	0	0	0	0	0	7.65415569384391	26.0000000017471	59.7899999421573	NA	2.18000000198474	6.78999999561448	4.60999999586392	1	1	33.9999999966919	1936
Chiroptera	Myotis_myotis	0	0	0	0	0	0	0	0	21.9000000080623	41.990000035006	72.9999999797527	NA	5.99999999469977	23.1000000057368	17.0999999845593	1.49999999980768	1	17.9999999957183	934
Chiroptera	Myotis_thysanodes	0	0	0	0	0	0	0	0	8.51749999529472	22.6900000060116	53.5499999793005	NA	2.52999999897577	6.31999999589064	3.79000000027863	0.990000000917409	1	18.300000011359	118
Chiroptera	Myotis_velifer	0	0	0	0	0	0	0	0	7.89999999471675	43.0000000416256	63.7700000018714	NA	3.08999999697731	8.59000000333789	5.49999999374079	0.990000000917409	1	11.2999999874218	154
Carnivora	Nandinia_binotata	0	0	0	0	0	0	0	0	1899.99999583146	64.0000038338762	63.9734835482648	182.50005513626	55.9999999992005	NA	NA	1.75000000126408	1.97260214482738	15.8000000016582	39
Primates	Nasalis_larvatus	0	0	0	0	0	0	1	0	9820.00027615401	212.916687050103	165.958690743756	547.499844292528	452.000000196308	2000.00000154742	1547.9999987636	1	0.657534433928634	21.0000000128662	206
Soricomorpha	Neomys_fodiens	0	0	0	0	0	0	0	0	15.4299990740054	34.1499993695537	21.0862814993329	58.9999984183854	0.780000000555902	10	9.21999999886146	6.43999999466447	2.00000000154742	3.10000000118296	483
Cetacea	Neophocaena_phocaenoides	0	0	0	0	0	0	0	0	32500.0000015809	319.36999978326	319.009999933246	729.999999797528	6657.52999812006	24499.9999794355	17842.4699911732	0.96999999940534	0.493150685332537	22.9999999990683	428
Rodentia	Neotoma_albigula	0	0	0	0	0	0	0	0	194.949982258112	36.9999979495968	36.9828179780266	48.9999909706502	11.599999993939	103.300000114262	91.7000000696741	2.16500000154845	2.00000000154742	7.69999999694192	217
Rodentia	Neotoma_cinerea	0	0	0	0	0	0	0	0	NA	26.3500000273899	29.6900000276159	30.000000019365	14.3999999968418	93.3599999919787	78.9600000615289	3.44999999941792	1.49999999980768	NA	139
Rodentia	Neotoma_floridana	0	0	0	0	0	0	0	0	216.000024295495	28.5000026243887	34.6736850452532	82.999982345589	14.0000000103724	45.9000000489062	31.8999999957999	3.19999999764285	2.5000000018879	8.59999999517682	244
Rodentia	Neotoma_fuscipes	0	0	0	0	0	0	0	0	150.985714325122	27.4900000099081	33.210000030711	NA	13.1500000052753	NA	NA	2.78999999824235	1.75000000126408	NA	196
Rodentia	Neotoma_lepida	0	0	0	0	0	0	0	0	138.100006811717	27.9999979792925	33.0369541036815	59.9999654082313	9.55000000915329	34.9400000284067	25.3900000073825	2.64000000079127	3.49999999717711	10.4999999983091	227
Rodentia	Neotoma_macrotis	0	0	0	0	0	0	0	0	NA	NA	NA	NA	NA	NA	NA	NA	NA	NA	16
Rodentia	Neotoma_micropus	0	0	0	0	0	0	0	0	284.850000135967	29.8299999751313	33.9999999966919	NA	11.7000000068385	NA	NA	2.5000000018879	2.00000000154742	NA	160
Rodentia	Neotoma_stephensi	0	0	0	0	0	0	0	0	124.899999892401	38.4999973840855	30.9741929921658	129.999894541902	10.5999999935376	34.9899999610935	24.3899999823809	1	1.90000000020637	NA	60
Carnivora	Neovison_vison	0	0	0	0	0	0	0	0	605.000035310734	NA	NA	NA	NA	NA	NA	NA	NA	10	976
Dasyuromorphia	Ningaui_ridei	0	0	0	0	0	0	0	0	8.49999949672057	91.0000016090016	13.4896288259165	365.000113916701	0.004999999996131	0.699999999977021	0.695000000655939	5.99999999469977	2.00000000154742	NA	17
Chiroptera	Nyctalus_noctula	0	0	0	0	0	0	0	0	29.3500000281384	47.8899999953016	72.239999949192	NA	5.56999999777186	20.2100000225555	14.6400000093588	1.3300000001008	1	8.00000000014841	520
Carnivora	Nyctereutes_procyonoides	1	1	1	1	0	0	0	1	4684.99999758577	52.4999995882685	61.6595001861483	365.000113916701	87.699999926083	734.839999158688	647.140000626717	4.99999999613144	0.986301062566411	10.9999999959924	1013
Primates	Nycticebus_coucang	0	0	0	0	0	0	0	0	713.999980639432	228.125009559757	192.309172891016	428.875265579852	50.7999999667896	520.000000437272	469.199999520864	1	0.839404901810255	26.5000000038559	378
Primates	Nycticebus_pygmaeus	0	0	0	0	0	0	0	0	NA	NA	185.420000110838	NA	19.8899999943011	NA	NA	1.75000000126408	NA	17.0999999845593	116
Lagomorpha	Ochotona_curzoniae	1	0	0	0	0	1	0	0	NA	NA	22.4999999942305	NA	11.2000000085057	NA	NA	4.38999999755255	3.49999999717711	NA	320
Lagomorpha	Ochotona_princeps	0	0	0	0	0	0	0	0	162.750001034212	29.0000001402972	30.2691342810131	30.4166933921638	10.9999999959924	88.4899999791503	77.4900000190954	2.90000000067472	2.00000000154742	6.99999999977021	285
Rodentia	Octodon_degus	1	0	0	0	1	1	1	0	195.099999822769	31.1199999772383	90.5900000713591	NA	14.1899999850526	71.1200000061971	56.9300000247035	5.3099999990039	2.00000000154742	7.10000000459266	1088
Artiodactyla	Odocoileus_hemionus	0	0	0	0	0	0	0	0	68500.0044964167	82.3749947645659	204.173794466953	365.000113916701	3014.99999669429	23900.0000028541	20885.000019181	1.71499999850419	0.986301062566411	22.0000000090065	6582
Artiodactyla	Odocoileus_virginianus	0	0	0	0	0	0	0	0	49500.0001215497	119.999987276572	200.909281260873	304.166933921638	2924.9999971834	29985.8100115815	27060.8099992068	1.58999999882679	1.18356060453846	22.9999999990683	16581
Rodentia	Ondatra_zibethicus	1	1	0	0	0	0	0	1	1329.99987454084	29.0000001402972	27.7332010465184	29.9999824045942	22.4999999942305	153.699999823137	131.199999988024	6.17500000097107	2.43000000224756	10	1305
Rodentia	Onychomys_leucogaster	1	1	0	0	0	0	0	1	32.5000029201077	23.5000020415047	31.7687407064977	31.5000323642952	2.29999999990683	13.1000000103835	10.7999999878906	3.65000000456802	3.80000000335284	5.59999999992005	259
Rodentia	Onychomys_torridus	1	0	0	0	1	1	0	0	22.3999990543623	18.9999999583146	28.2487997491571	29.7083136228272	2.33999999779013	9.1899999918296	6.85000000800582	2.95000000014833	2.5000000018879	4.60000000337273	113
Artiodactyla	Oreamnos_americanus	0	0	0	0	0	0	0	0	59250.0061826327	91.2500056459924	184.077200146896	365.000113916701	3189.99999957999	NA	NA	1.24999999997681	0.986301062566411	17.9999999957183	390
Lagomorpha	Oryctolagus_cuniculus	0	0	0	0	0	0	0	0	1438.49999925029	26.5000015903371	30.4789498962798	29.0000001402972	39.7449999707381	211.060000095475	171.315000161846	4.79999999584886	4.50000000232781	17.9999999957183	11435
Carnivora	Otocyon_megalotis	1	1	1	0	1	0	1	1	4073.74999556131	29.2083349302921	67.4528027697922	182.50005513626	120.699999972945	NA	NA	4.50000000232781	2.00000000154742	13.7999999872504	118
Primates	Otolemur_crassicaudatus	0	0	0	0	0	0	0	0	1160.00002877489	112.624998966026	132.129563418658	241.999796066423	46.0000000337274	499.989999586095	453.990000215343	1.35499999934348	1.48760456018769	22.6999999899057	115
Primates	Otolemur_garnettii	0	0	0	0	0	0	0	0	730.699999419173	139.199999912004	132.240000132945	215.949999809299	49.2099999961383	NA	NA	1.02000000055917	1.66705255698949	14.9999999980768	212
Artiodactyla	Ovibos_moschatus	0	0	0	0	0	0	0	0	227000.022374592	258.541640399535	256.448403651772	547.499844292528	10499.9999983091	62467.4399515713	51967.4399638135	1	0.657534433928634	24.0000000159372	707
Artiodactyla	Ovis_ammon	0	0	0	0	0	0	0	0	64000.0038338763	121.66666393892	167.109061431071	365.000113916701	3387.5000009168	NA	NA	1.49999999980768	0.986301062566411	12.9999999908153	460
Artiodactyla	Ovis_aries	0	0	0	0	0	0	0	0	27000.0022282286	182.500013114075	152.05475297325	365.000113916701	2523.00000280261	17500.0000126409	14977.0000072309	1.08000000127585	0.986301062566411	22.7999999999762	513677
Artiodactyla	Ovis_canadensis	0	0	0	0	0	0	0	0	63800.0031259663	151.041677380082	177.418948089017	365.000113916701	4065.9999971724	23431.7100157235	19365.7099982221	1	0.986301062566411	24.0000000159372	1892
Artiodactyla	Ovis_dalli	0	0	0	0	0	0	0	0	48799.9975276402	129.270818909121	172.58378919902	365.000113916701	3399.9999996692	NA	NA	1	0.986301062566411	19.599999983912	246
Carnivora	Pagophilus_groenlandicus	0	0	0	0	0	0	0	0	74999.9999323559	11.4500000085446	242.90000010899	364.999999616359	10048.2000068572	31199.3499912007	21151.1499907535	1	0.986301369157145	NA	828
Primates	Pan_paniscus	0	0	0	0	0	0	0	0	32066.6666431757	1081.30999904784	235.240000146248	1715.49999845081	1399.52999891208	8142.68999810518	6743.16000576283	1.01000000050549	0.209851355108757	54.9999999374079	2320
Primates	Pan_troglodytes	0	0	0	0	0	0	1	0	40499.9978351232	730.000067033016	231.206479017559	1551.25073399833	1742.00000131707	8499.99000431939	6757.99000309951	1.05999999935376	0.232070800872408	59.9999999469977	23470
Carnivora	Panthera_leo	0	0	0	0	0	0	1	0	135499.999934347	220.520820649369	107.894672222983	653.958215392794	1296.9999997489	NA	NA	2.53500000192999	2.00000000154742	30.000000019365	18929
Carnivora	Panthera_onca	0	0	0	0	0	0	0	0	77599.9999538668	60.8333313620967	100.69316688518	365.000113916701	644.500000460903	NA	NA	2.5000000018879	0.986301062566411	22.0000000090065	1541
Carnivora	Panthera_pardus	0	0	0	0	0	0	0	0	39300.004490607	110.124994568458	95.4992586021437	476.376138818378	549.299999972985	NA	NA	1.9849999995469	1	27.2999999974381	12644
Carnivora	Panthera_tigris	0	0	0	0	0	0	0	0	131000.000103835	159.687491978826	104.954242865232	821.249276565301	1320.70000048414	11003.0000010306	9682.30000321484	2.54000000222282	1	25.000000018879	27113
Primates	Papio_anubis	0	0	0	0	0	0	1	0	12742.2500121183	596.599999964223	178.959999963502	752.809999243941	947.31000036726	3640.26000355702	2692.95000036492	1.01000000050549	0.478208312489906	25.2000000126759	5315
Primates	Papio_cynocephalus	0	0	0	0	0	0	1	0	12800.0008945711	450.419999740687	172.990000129078	669.15999924519	709.880000602933	2780.60999809871	2070.72999786142	1.01000000050549	0.537987924816263	45.0000000232781	2135
Primates	Papio_hamadryas	0	0	0	0	0	0	1	0	12368.842117787	212.916687050103	176.197604641163	684.37478486716	850.000000559186	3299.78999941558	2449.78999702294	1	0.526027562898567	37.5000000235106	2015
Peramelemorphia	Perameles_gunnii	0	0	0	0	0	0	0	0	750.000063220298	58.5000045687721	12.5025903021772	64.999946621988	0.224999999942305	125.189999875653	124.965000136505	2.31499999811316	3.80000000335284	6.09999999984877	119
Peramelemorphia	Perameles_nasuta	0	0	0	0	0	0	0	0	859.000071538935	65.0000064891788	12.2461619926505	53.0000159135322	0.240000000159372	106.060000053106	105.819999952234	2.5000000018879	6.79245079435884	5.59999999992005	149
Primates	Perodicticus_potto	0	0	0	0	0	0	0	0	1017.49995806887	113.020831994403	194.088587759278	281.353939178444	37.3000000164311	NA	NA	1.19999999986841	1.27952713668807	26.7999999982235	182
Rodentia	Peromyscus_californicus	1	0	0	1	1	1	0	1	35.200002960134	30.0000031278551	27.7971326775929	23.9999866425268	4.30999999840488	17.6100000013269	13.300000001008	1.88500000198871	4.37000000029763	5.49999999374079	477
Rodentia	Peromyscus_crinitus	0	0	0	0	0	0	0	0	12.5999986910235	23.909999993626	25.3300000122162	26.0000000017471	2.19000000080623	14.0899999964521	11.8999999892444	3.08000000354283	2.04999999973682	7.69999999694192	82
Rodentia	Peromyscus_eremicus	1	0	0	0	1	1	0	1	20.6500020924893	21.0000002546376	26.9773943244492	38.5000239789507	2.5000000018879	NA	NA	2.57499999776346	3.0000000019365	7.40000000458393	238
Rodentia	Peromyscus_gossypinus	0	0	0	0	0	0	0	0	27.4157417192788	22.3299999963269	22.9999999990683	NA	2.19000000080623	NA	NA	3.69999999942923	3.99999999697935	NA	215
Rodentia	Peromyscus_leucopus	1	0	0	0	1	0	0	0	16.899999820465	22.0000009714871	23.0674718872007	26.6000222559071	1.79500000035405	8.94000000420106	7.14499999791078	4.27999999987019	4.50000000232781	7.89999999471675	5847
Rodentia	Peromyscus_mexicanus	1	0	0	0	1	1	0	1	53.4000052836849	23.9999976949316	32.5087297385434	33.2999820956547	4.39999999507425	NA	NA	2.65000000038559	7.40000000458393	NA	43
Rodentia	Peromyscus_polionotus	1	0	0	0	1	1	0	1	12.5999986910235	24.5000008820489	23.4963282084831	24.2500143537364	1.60000000126762	5.92999999502624	4.32999999647688	3.64000000294141	2.00000000154742	5.49999999374079	374
Chiroptera	Peropteryx_kappleri	0	0	0	0	0	0	0	0	10.6050000035998	79.8199999176602	137.960000096776	NA	1.09000000014902	6.74000000721157	5.65000000234904	1	2.01999999792265	NA	20
Diprotodontia	Petaurus_breviceps	0	0	0	0	0	0	0	0	111.999994153598	115.500004194498	16.4816239152551	310.999721416464	0.190000000020637	49.2899999824397	49.0999999860976	1.86499999937858	1.29999999908153	17.7999999873397	284
Diprotodontia	Petrogale_xanthopus	0	0	0	0	0	0	0	1	6999.99935504642	343.99996627955	31.7687407064977	195.999967796349	0.484000000396285	1581.13000017175	1580.64600132426	1.03000000069923	1.83673499664529	14.3999999968418	78
Diprotodontia	Petropseudes_dahli	1	0	0	0	1	0	0	1	NA	NA	NA	NA	NA	NA	NA	1	NA	NA	4
Primates	Phaner_furcifer	0	0	0	0	0	0	0	1	NA	NA	174.459999943837	NA	NA	NA	NA	1.01000000050549	NA	25.000000018879	60
Diprotodontia	Phascolarctos_cinereus	0	0	0	0	0	0	0	0	6029.99983143901	349.791699880416	34.276778654645	374.000342571906	0.360000000192903	1154.9999993932	1154.64000102579	1	1	22.1000000160238	1541
Carnivora	Phoca_vitulina	0	0	0	0	0	0	0	0	75000.0063220297	29.0000001402972	289.067988236548	365.000113916701	10300.0000069923	21815.730001577	11515.7300059865	1	0.986301062566411	47.6000000306348	6291
Cetacea	Phocoena_phocoena	0	0	0	0	0	0	0	0	52499.9999509257	258.090000225603	333.280000304146	364.999999616359	8892.16000978246	NA	NA	0.980000000693896	0.870000000764002	12.9999999908153	1895
Rodentia	Phodopus_sungorus	0	0	0	0	0	0	0	0	NA	20.0000000154742	21.0000000128662	24.0000000159372	2.03999999799944	13.7299999925151	11.6899999956437	5.47999999388815	3.0000000019365	3.19999999764285	5022
Chiroptera	Phyllostomus_hastatus	0	0	0	0	0	0	0	0	81.9500000176398	72.8200000674177	123.389999934984	NA	15.9399999977944	59.0900000027666	43.1499999949101	0.990000000917409	1	17.9999999957183	228
Cetacea	Physeter_catodon	0	0	0	0	0	0	0	0	14061598.7139731	395.416693329465	476.430986805416	1277.50026824976	914000.00056017	NA	NA	1	0.25000000018879	76.9999999694191	9361
Cetacea	Physeter_macrocephalus	0	0	0	0	0	0	0	0	113400.000115702	729.999999797528	495.000000075718	NA	NA	100000	NA	1	NA	69.9999999977021	9361
Chiroptera	Pipistrellus_ceylonicus	0	0	0	0	0	0	0	0	6.50000000534531	27.500000010748	52.3199999619057	NA	1.25999999965892	4.19000000032518	2.92999999761097	1.97999999880765	1	NA	26
Chiroptera	Pipistrellus_pipistrellus	0	0	0	0	0	0	0	0	5.89312077880791	33.4400000179423	43.9999999507425	NA	1.28000000103784	3.88999999708262	2.60999999796702	1.36999999950661	1	8.99999999089576	925
Chiroptera	Pipistrellus_savii	0	0	0	0	0	0	0	0	6.24999999504836	NA	NA	NA	NA	4.35000000045437	NA	NA	NA	NA	63
Chiroptera	Pipistrellus_subflavus	0	0	0	0	0	0	0	0	6.70000000461545	31.2100000240504	45.7099999695476	NA	1.25999999965892	4.5799999999592	3.32000000226252	1.9599999983912	1	14.7999999865406	289
Chiroptera	Pipistrellus_tenuis	0	0	0	0	0	0	0	0	NA	44.8000000001915	61.2699999531681	NA	0.530000000487185	1.49999999980768	0.96999999940534	1.9200000013106	3.0000000019365	NA	18
Dasyuromorphia	Planigale_gilesi	0	0	0	0	0	0	0	0	6.90000014716498	75.0000063220297	15.7398286446622	340.999702422226	0.009699999994053	4.92999999685296	4.9202999962513	6.09999999984877	2.00000000154742	NA	34
Chiroptera	Plecotus_auritus	0	0	0	0	0	0	0	0	7.89999999471675	42.0900000244206	65.1200000178217	NA	2.08999999946556	5.70000000429847	3.6100000007842	1.22000000091368	1	11.9999999986841	698
Rodentia	Podomys_floridanus	0	0	0	0	0	0	0	0	34.6000000165094	24.8099999844495	NA	33.0000000092788	2.39000000028541	12.4999999997681	10.1100000095211	2.60000000017471	10.9090909118691	7.40000000458393	26
Carnivora	Poecilogale_albinucha	0	0	0	0	0	0	0	0	256.500018044509	76.999995536943	31.8419752172613	243.333554425675	3.99999999697935	NA	NA	2.24999999942305	1.49999999980768	NA	17
Rodentia	Pogonomys_loriae	0	0	0	0	0	0	0	0	84.6999999355026	NA	NA	NA	NA	NA	NA	2.67999999982235	NA	NA	3
Rodentia	Pogonomys_macrourus	0	0	0	0	0	0	0	0	48.9999999967829	NA	NA	NA	NA	NA	NA	2.81000000061416	NA	3.10000000118296	6
Primates	Pongo_abelii	0	0	0	0	0	0	0	0	38017.8000294154	NA	NA	NA	NA	NA	NA	NA	NA	NA	377
Primates	Pongo_pygmaeus	0	0	0	0	0	0	0	0	36999.9979495969	1094.99995165062	260.015956316527	1825.0005513626	1643.99999922765	10537.5900025799	8893.589993239	1.49999999980768	0.197260214482738	59.0000000486156	5282
Diprotodontia	Potorous_tridactylus	0	0	0	0	0	0	0	0	852.000010266702	153.99999261143	31.7687407064977	133.000109951656	0.315000000152606	203.459999924232	203.145000224174	1	2.00000000154742	11.9999999986841	337
Carnivora	Potos_flavus	0	0	0	0	0	0	0	0	2000.00000154742	108.927089608869	115.61122421921	365.000113916701	171.849999812738	NA	NA	1	1	29.0000000067472	165
Rodentia	Praomys_jacksoni	0	0	0	0	0	0	0	0	NA	30.000000019365	35.4899999715952	NA	NA	20.0000000154742	NA	3.66999999786972	NA	NA	47
Rodentia	Praomys_tullbergi	0	0	0	0	0	0	0	0	34.8999978335544	24.5000008820489	23.7684028662488	23.9999866425268	2.69999999901158	10.4999999983091	7.80000000555902	3.60000000192903	3.99999999697935	5.20000000437271	59
Hyracoidea	Procavia_capensis	0	0	0	0	0	0	0	0	3599.99999363972	91.2500056459924	224.905460583578	365.000113916701	203.500000205593	499.989999586095	296.489999942263	2.53500000192999	1	14.7999999865406	394
Carnivora	Procyon_lotor	0	0	0	0	0	0	0	0	6319.99999589064	105.000000224862	64.7142615748583	365.000113916701	82.5000000854978	1095.43999962507	1012.93999922564	3.32500000276291	1	21.0000000128662	9657
Primates	Propithecus_verreauxi	0	0	0	0	0	0	1	0	3512.49973380416	166.041672776021	140.604752412992	547.499844292528	103.099999932694	NA	NA	1	1	31.0000000118297	500
Dasyuromorphia	Pseudantechinus_macdonnellensis	0	0	0	0	0	0	0	0	30.0000031278551	102.229161816351	44.9779854893288	365.000113916701	0.012150000001837	NA	NA	5.89000000288738	1	6.99999999977021	25
Rodentia	Pseudomys_novaehollandiae	0	0	0	0	0	0	0	0	15.0000014141667	25.1999976336451	31.2607936712396	33.5000148845251	1.84999999828325	NA	NA	4.27999999987019	3.99999999697935	NA	71
Chiroptera	Pteropus_giganteus	0	0	0	0	0	0	0	0	899.497581530036	152.08000004994	166.589999926263	NA	90.32000001728	NA	NA	0.990000000917409	1	31.3999999947065	233
Carnivora	Puma_concolor	0	0	0	0	0	0	0	0	39600.0012833453	31.5000033517066	92.0449571753171	577.91637476165	410.000000264587	3499.99000397208	3089.99000043544	2.90000000067472	0.749999999323558	23.7999999969031	1366
Carnivora	Pusa_caspica	0	0	0	0	0	0	0	0	89499.992722049	31.3199999721696	334.580000134125	364.999999616359	4182.59999884286	13948.9500145382	9766.34999582267	1	0.986301369157145	NA	103
Carnivora	Pusa_hispida	0	0	0	0	0	0	0	0	128999.999911113	45.2300000264616	269.999999901158	364.999999616359	4500.00000232781	14000.0000103724	9499.9999936816	1	0.986301369157145	46.0000000337274	899
Carnivora	Pusa_sibirica	0	0	0	0	0	0	0	0	92900.0000013602	66.1099999754974	277.629999943327	364.999999616359	3049.99999756457	NA	NA	1	0.986301369157145	55.9999999992005	199
Artiodactyla	Rangifer_tarandus	0	0	0	0	0	0	1	0	93799.9917107949	136.874989856626	216.77041048197	365.000113916701	5560.00000535066	24907.0500236799	19347.0499983281	1	0.986301062566411	21.8000000198474	12844
Artiodactyla	Raphicerus_campestris	0	0	0	0	0	0	0	1	10500.0000224862	91.2500056459924	209.893988362353	218.999942090025	919.999999267984	NA	NA	1	1.64383605199729	9.30000000955205	121
Rodentia	Rattus_norvegicus	0	0	0	0	0	0	1	0	247.742205763329	25.3699999870473	21.7400000125008	NA	5.80000000583697	53.0700000452884	47.2699999670299	8.99000000552223	3.49999999717711	3.80000000335284	22149
Rodentia	Rattus_rattus	0	0	0	0	0	0	0	0	171.149998630981	27.9999979792925	21.9785987278483	31.2499984399919	4.55000000359235	37.0099999918947	32.4599999633605	5.54000000346424	3.75000000235107	4.19999999615196	8165
Rodentia	Reithrodontomys_megalotis	0	0	0	0	0	0	0	0	12.5999986910235	20.000000199681	23.4963282084831	27.5999947846452	1.37499999947354	NA	NA	3.83499999748333	4.50000000232781	NA	318
Rodentia	Rhabdomys_pumilio	1	0	0	0	1	1	0	0	41.0000000264587	14.0000000103724	25.4400000013838	29.0700000153667	2.5000000018879	8.43000000728405	5.92999999502624	5.28000000566775	6.99999999977021	2.90000000067472	318
Chiroptera	Rhynchonycteris_naso	0	0	0	0	0	0	0	0	21.2999999784821	70.8600000004636	NA	NA	0.980000000693896	NA	NA	0.990000000917409	2.00000000154742	NA	27
Artiodactyla	Rucervus_eldii	0	0	0	0	0	0	0	0	66999.9995833349	220.26000005699	240.189999914711	382.699999802171	4674.97999719848	NA	NA	1.01000000050549	0.94068461034491	20.4999999973682	106
Artiodactyla	Rupicapra_rupicapra	0	0	0	0	0	0	0	0	29000.0001402972	76.041661925009	169.824365246174	365.000113916701	2249.99999942305	NA	NA	1	0.986301062566411	20.0000000154742	1121
Artiodactyla	Rusa_unicolor	0	0	0	0	0	0	0	0	145881.426027535	NA	245.999999941442	NA	10270.0000095234	NA	NA	1	NA	26.4000000079128	184
Rodentia	Saccostomus_campestris	0	0	0	0	0	0	0	0	50.5999980379815	30.0000031278551	20.8449088309729	51.8000286561329	2.60000000017471	NA	NA	7.49999999323558	6.94980310884984	4.50000000232781	136
Primates	Saguinus_bicolor	1	0	0	1	0	0	1	1	430.000000416257	NA	158.159999888702	NA	NA	NA	NA	2.00000000154742	NA	19.0000000020637	42
Primates	Saguinus_midas	1	0	0	1	1	0	1	1	524.59999969278	69.6000000624113	138.239999957086	206.830000022184	39.7800000193804	NA	NA	2.01999999792265	1.74055988084074	21.0000000128662	140
Primates	Saguinus_mystax	1	0	0	1	1	0	1	1	549.500000304286	NA	148.279999877931	168.499999919548	46.6499999911362	NA	NA	1.92999999996545	2.13649851848539	20.0000000154742	323
Primates	Saguinus_nigricollis	1	0	0	1	1	0	1	1	NA	82.5299999792208	NA	NA	43.5800000090074	175.000000126408	131.42000004403	1.82000000006255	NA	15.2000000019329	91
Primates	Saguinus_oedipus	1	1	0	1	0	0	1	1	424.999970592806	49.9999995007974	167.880401812256	238.000023533688	38.200000007766	104.999999983091	66.7999999268551	1.82000000006255	1.51260489325938	26.1999999807105	1610
Primates	Saimiri_sciureus	0	0	0	0	0	0	1	0	675.000042227244	177.000013709501	167.109061431071	365.000113916701	106.950000022768	418.000000216524	311.05000023013	1	0.986301062566411	26.9999999901158	8334
Primates	Semnopithecus_entellus	0	0	0	0	0	0	0	0	10590.0009727542	410.625012382392	192.752491319094	477.541368880524	499.999999613144	2100.00000128662	1600.00000126762	1.24999999997681	0.753861390138477	29.0000000067472	166
Diprotodontia	Setonix_brachyurus	0	0	0	0	0	0	0	0	3250.00029201076	440.000023822725	25.6448403651772	344.999924474574	0.382499999568758	499.989999586095	499.607499670878	1	1.40000000103724	10	437
Rodentia	Sigmodon_hispidus	0	0	0	0	0	0	0	0	116.112500030279	15.2899999854836	26.9999999901158	NA	6.60000000696225	18.2000000006255	11.599999993939	5.44000000378062	2.00000000154742	5.20000000437271	1380
Dasyuromorphia	Sminthopsis_crassicaudata	0	0	0	0	0	0	0	0	15.0000014141667	66.9999995833349	14.9623565609443	97.0000593518528	0.01	6.50000000534531	6.49000000298324	7.29999999797527	2.00000000154742	1.49999999980768	391
Dasyuromorphia	Sminthopsis_macroura	0	0	0	0	0	0	0	0	20.000000199681	69.9999935504641	11.7489755493953	182.999962190017	0.012250000008447	6.99999999977021	6.98775000192062	6.50000000534531	2.00000000154742	4.89999999967829	216
Soricomorpha	Sorex_araneus	0	0	0	0	0	0	0	0	9.90000012315205	23.6999974891705	20.9893988362353	44.5625464617725	0.435000000045436	8.35999999154911	7.92500000201113	6.67499999943727	2.00000000154742	3.19999999764285	1827
Cetacea	Sotalia_fluviatilis	0	0	0	0	0	0	0	0	46500.0000117826	NA	310.249999878008	NA	NA	NA	NA	0.96999999940534	NA	NA	59
Rodentia	Spermophilus_beecheyi	0	0	0	0	0	0	0	0	550.975000541156	52.5999999813798	28.3700000133358	NA	9.29000000013601	66.180000026845	56.8900000304206	6.70999999738902	1	NA	122
Rodentia	Spermophilus_beldingi	0	0	0	0	0	0	0	0	232.999999986041	24.4999999794355	26.1899999743565	NA	6.86000000463207	59.5000000371898	52.6400000477682	5.70999999676765	1	NA	44
Rodentia	Spermophilus_columbianus	0	0	0	0	0	0	0	0	406.00000039526	32.1900000233024	24.0900000000919	NA	9.57999999826741	108.570000043033	98.9899999424804	3.5399999997898	1	NA	77
Rodentia	Spermophilus_parryii	0	0	0	0	0	0	0	0	728.999999466253	27.9999999779363	25.1600000131374	NA	10.9999999959924	NA	NA	6.50000000534531	1	NA	121
Cetacea	Stenella_attenuata	0	0	0	0	0	0	0	0	59999.9999469977	340.65999993542	345.190000072811	1883.54999866418	10000	NA	NA	0.990000000917409	0.1911284540465	49.9999999613144	86
Soricomorpha	Suncus_murinus	0	0	0	0	0	0	0	0	37.8999991301065	18.4999987900935	30.1995172040202	56.1999591637115	2.5000000018879	25.8700000168849	23.3699999788937	3.24499999898092	9.80000000693896	3.19999999764285	1604
Carnivora	Suricata_suricatta	1	1	0	0	0	0	1	1	719.999999285018	55.680000050962	76.9999999694191	364.999999616359	30.4999999756456	225.499999888895	194.999999837228	3.86000000291743	1	12.4999999997681	428
Artiodactyla	Sus_scrofa	0	0	0	0	0	0	1	0	75162.2894018207	97.8800000721767	115.199999976871	229.999999990683	807.770000470434	6469.98999367178	5662.21999422831	4.52000000196308	1.49999999980768	21.0000000128662	27266
Artiodactyla	Sylvicapra_grimmia	0	0	0	0	0	0	0	0	16800.0007069063	72.2395779490234	146.554784095591	246.500043356148	1592.49999997291	4955.53999983505	3363.04000120638	1	2.00000000154742	14.2999999846869	155
Lagomorpha	Sylvilagus_floridanus	0	0	0	0	0	0	0	0	1066.50009875516	22.4999990616836	26.9773943244492	30.4583238481222	34.1499999986199	112.000000085057	77.8500000171837	4.89999999967829	4.80999999585965	9.80000000693896	599
Primates	Symphalangus_syndactylus	1	0	0	1	0	0	0	1	10533.9999994794	635.379999530926	230.660000163547	1003.74999933729	516.999999888167	NA	NA	1.02000000055917	0.358655043189696	NA	449
Artiodactyla	Syncerus_caffer	0	0	0	0	0	0	1	0	553499.967864296	326.97917972155	337.287308658869	638.750127747563	39850.0000245792	151878.399891291	112028.399901332	1	1	29.5000000014833	1205
Rodentia	Tachyoryctes_splendens	0	0	0	0	0	0	0	0	218.000003210255	42.4999970592807	43.4510224171572	172.999958918936	14.9999999980768	NA	NA	1.64999999918731	2.00000000154742	NA	57
Soricomorpha	Talpa_europaea	0	0	0	0	0	0	0	0	75.6832895020974	32.4899999741915	30.4099999899076	NA	3.2399999984586	51.4900000204831	48.2500000355729	3.88999999708262	1	NA	589
Rodentia	Tamias_amoenus	0	0	0	0	0	0	0	0	53.3766666753558	41.990000035006	30.4599999999983	364.999999616359	2.61999999807105	NA	NA	4.99000000432721	1	NA	159
Rodentia	Tamias_minimus	0	0	0	0	0	0	0	0	47.9499987295593	40.4999978351232	28.9734358770132	365.000113916701	2.29999999990683	NA	NA	4.99999999613144	1	10	81
Rodentia	Tamias_striatus	0	0	0	0	0	0	0	0	112.966666636047	NA	NA	NA	NA	NA	NA	NA	NA	8.00000000014841	679
Rodentia	Tamiasciurus_hudsonicus	0	0	0	0	0	0	0	0	187.93333341299	67.2199999793433	34.2500000135295	NA	6.8900000014655	96.8199999320332	89.9299999143843	3.9299999966027	1.75000000126408	9.80000000693896	669
Perissodactyla	Tapirus_indicus	0	0	0	0	0	0	0	0	224905.460583579	211.709999925027	396.500000316234	657.000000665963	6848.35000296969	NA	NA	1	0.499999999613144	30.000000019365	111
Diprotodontia	Tarsipes_rostratus	0	0	0	0	0	0	0	0	15.0000014141667	84.9999949672057	43.9541615437825	122.000047566077	0.004150000002751	4.30999999840488	4.30585000469694	2.79999999779363	3.0000000019365	NA	128
Primates	Tarsius_bancanus	0	0	0	0	0	0	0	0	279.254384123734	78.5499999319951	125.84000011149	240.289999770003	23.9300000212999	NA	NA	1	1.49818968624808	8.00000000014841	131
Rodentia	Tatera_indica	0	0	0	0	0	0	0	0	125.599988604995	30.0000031278551	28.1838293126445	47.6099801056656	3.0000000019365	NA	NA	4.78000000426916	3.75000000235107	6.99999999977021	357
Artiodactyla	Taurotragus_oryx	0	0	0	0	0	0	0	0	413299.994973618	182.500013114075	271.019163189084	337.000076920993	32650.0000292379	96495.5500375998	63845.5499168134	1	1.06824901490246	23.6000000016244	348
Carnivora	Taxidea_taxus	0	0	0	0	0	0	0	0	6385.00000588913	49.0000022533164	76.0326276940182	365.000113916701	93.500000027446	NA	NA	4.50000000232781	0.986301062566411	26.0000000017471	307
Primates	Theropithecus_gelada	0	0	0	0	0	0	0	0	12436.2857121674	494.950000469118	178.639999973929	766.499999663968	464.919999859014	3736.05000162177	3271.12999974768	1.01000000050549	0.469667319439956	36.0000000192903	505
Diprotodontia	Thylogale_billardierii	0	0	0	0	0	0	0	0	3899.99993690146	290.000001402971	29.9916251898765	284.499822648055	0.410000000264586	1727.45000065272	1727.03999846851	1	1	8.79999999695717	111
Primates	Trachypithecus_cristatus	0	0	0	0	0	0	0	0	6572.00000358606	362.93000023986	NA	NA	NA	NA	NA	1.01000000050549	NA	28.3000000309987	57
Primates	Trachypithecus_phayrei	0	0	0	0	0	0	0	0	NA	305.869999938902	180.610000155845	456.249999511985	NA	NA	NA	1	0.789041095340353	28.3000000309987	107
Artiodactyla	Tragelaphus_angasii	0	0	0	0	0	0	0	0	62000.0014992322	212.916687050103	219.785987278483	296.999692726598	5599.99999992006	NA	NA	1	1.2121224668212	16.0000000126762	198
Artiodactyla	Tragelaphus_strepsiceros	0	0	0	0	0	0	0	0	169250.00882419	182.500013114075	221.309470960564	365.000113916701	15650.0000042353	NA	NA	1	0.986301062566411	22.9999999990683	414
Artiodactyla	Tragulus_napu	0	0	0	0	0	0	0	0	5899.99984183855	91.2500056459924	155.955250282695	153.499865756292	373.000000164312	NA	NA	1	1	14.0000000103724	42
Diprotodontia	Trichosurus_vulpecula	0	0	0	0	0	0	0	0	2399.99976949316	188.999998183852	17.298163592151	273.874753699446	0.204999999973682	675.270000171829	675.065000361146	1	1.49999999980768	15.8999999882679	5403
Scandentia	Tupaia_glis	0	0	0	0	0	0	0	0	147.499993100668	35.9999999363972	45.4988060150049	45.2999789286313	12.7500000067531	100	87.2500000740886	2.5000000018879	2.5000000018879	12.3999999953679	634
Scandentia	Tupaia_tana	0	0	0	0	0	0	0	0	NA	54.5600000441684	NA	NA	NA	NA	NA	2.50999999721985	NA	11.599999993939	47
Cetacea	Tursiops_truncatus	0	0	0	0	0	0	0	0	175000.000126409	544.400000587532	364.999999616359	747.480000134652	24369.6000123341	NA	NA	0.980000000693896	0.481618237448563	34.9999999717711	8581
Rodentia	Uranomys_ruddi	0	0	0	0	0	0	0	0	29.8999999776639	NA	NA	NA	NA	NA	NA	4.06999999788935	NA	NA	22
Carnivora	Urocyon_cinereoargenteus	1	1	0	0	0	0	0	1	3299.99969698666	84.0000026958712	59.979107625551	365.000113916701	103.749999908234	NA	NA	2.5000000018879	0.986301062566411	16.2000000170607	480
Carnivora	Urocyon_littoralis	1	1	0	0	0	0	0	0	1895.99999999106	NA	53.7000000371496	364.999999616359	100	NA	NA	2.17000000075684	0.986301369157145	NA	152
Carnivora	Ursus_americanus	0	0	0	0	0	0	0	0	96999.9999405342	168.000007069063	213.796208950223	775.62535925528	293.999999720986	NA	NA	2.29999999990683	0.46414160637883	31.9999999764285	1595
Carnivora	Ursus_arctos	0	0	0	0	0	0	0	0	111857.142845891	182.500013114075	221.819641980022	912.500266570851	499.999999613144	26000.0000017471	25499.99997452	2.22999999975271	0.394520432904389	49.9999999613144	5990
Carnivora	Ursus_maritimus	0	0	0	0	0	0	0	0	272499.995850857	212.916687050103	241.546083444494	831.679506269486	670.499999710341	8500.00000559186	7829.49999194315	1.76999999852543	0.432859049043651	38.200000007766	2021
Carnivora	Ursus_thibetanus	0	0	0	0	0	0	0	0	77499.9995527481	98.8541713584358	196.336027683605	365.000113916701	366.249999694578	NA	NA	1.49999999980768	0.986301062566411	33.0000000092788	388
Primates	Varecia_rubra	0	0	0	0	0	0	0	0	3291.57142921751	NA	NA	NA	NA	NA	NA	NA	NA	NA	76
Primates	Varecia_variegata	0	0	0	0	0	0	1	0	3520.0002960134	135.000009793296	102.093948370768	365.000113916701	90.4499999592142	NA	NA	2.46999999852318	NA	36.9999999942923	430
Artiodactyla	Vicugna_vicugna	0	0	0	0	0	0	0	0	37497.3002245484	309.89000000492	345.449999984162	547.500000615009	6082.92000220599	NA	NA	1	1	24.8000000099238	391
Carnivora	Vulpes_bengalensis	1	1	1	0	0	0	1	1	1799.99999957183	NA	52.3300000313689	364.999999616359	58.4899999510685	NA	NA	3.49000000032803	0.986301369157145	NA	41
Carnivora	Vulpes_lagopus	1	1	1	0	0	0	1	1	3220.00000225521	49.5000000075717	52.9900000592586	364.999999616359	69.1700000511765	NA	NA	7.64999999729406	0.986301369157145	14.9999999980768	947
Carnivora	Vulpes_vulpes	1	1	1	0	0	0	1	1	3899.99999976203	49.0000022533164	52.239618899912	365.000113916701	100.249999932546	1487.4799996308	1387.22999932193	4.47500000358653	0.986301062566411	21.2999999784821	11379
Diprotodontia	Wallabia_bicolor	0	0	0	0	0	0	0	0	12999.9999908153	449.999985726495	35.8921934645005	249.666917900415	0.609999999984877	NA	NA	1.04999999983091	1.40000000103724	14.9999999980768	241
Carnivora	Zalophus_californianus	0	0	0	0	0	0	1	0	91000.0016090017	315.500462337463	349.945167028358	547.499844292528	6349.99999573091	20199.7499775974	13849.7499974763	1	0.657534433928634	35.6999999907775	1327
Rodentia	Zelotomys_woosnami	0	0	0	0	0	0	0	0	54.4999999652839	15.8999999882679	30.9899999829255	31.0000000118297	NA	NA	NA	4.99000000432721	11.6129032275976	NA	7
